"Host","Host_Upham"
"Abrothrix longipilis","Abrothrix longipilis"
"Abrothrix olivaceus","Abrothrix olivaceus"
"Abrothrix sanborni","Abrothrix sanborni"
"Acinonyx jubatus","Acinonyx jubatus"
"Acomys cahirinus","Acomys cahirinus"
"Acomys dimidiatus","Acomys dimidiatus"
"Addax nasomaculatus","Addax nasomaculatus"
"Aepyceros melampus","Aepyceros melampus"
"Aethomys kaiseri","Aethomys kaiseri"
"Ailuropoda melanoleuca","Ailuropoda melanoleuca"
"Ailurus fulgens","Ailurus fulgens"
"Akodon azarae","Akodon azarae"
"Akodon cursor","Akodon cursor"
"Akodon montensis","Akodon montensis"
"Akodon paranaensis","Akodon paranaensis"
"Akodon simulator","Akodon simulator"
"Akodon varius","Akodon varius"
"Alcelaphus buselaphus","Alcelaphus buselaphus"
"Alces alces","Alces alces"
"Allenopithecus nigroviridis","Allenopithecus nigroviridis"
"Allochrocebus lhoesti","Cercopithecus lhoesti"
"Allochrocebus solatus","Cercopithecus solatus"
"Alouatta belzebul","Alouatta belzebul"
"Alouatta caraya","Alouatta caraya"
"Alouatta guariba","Alouatta guariba"
"Alouatta palliata","Alouatta palliata"
"Alouatta pigra","Alouatta pigra"
"Alouatta seniculus","Alouatta seniculus"
"Alticola argentatus","Alticola argentatus"
"Ammospermophilus nelsoni","Ammospermophilus nelsoni"
"Ammotragus lervia","Ammotragus lervia"
"Anoura caudifer","Anoura caudifer"
"Anoura geoffroyi","Anoura geoffroyi"
"Antidorcas marsupialis","Antidorcas marsupialis"
"Antilocapra americana","Antilocapra americana"
"Antilope cervicapra","Antilope cervicapra"
"Antrozous pallidus","Antrozous pallidus"
"Aotus azarae","Aotus azarae"
"Aotus trivirgatus","Aotus trivirgatus"
"Apodemus agrarius","Apodemus agrarius"
"Apodemus argenteus","Apodemus argenteus"
"Apodemus flavicollis","Apodemus flavicollis"
"Apodemus mystacinus","Apodemus mystacinus"
"Apodemus pallipes","Apodemus pallipes"
"Apodemus peninsulae","Apodemus peninsulae"
"Apodemus ponticus","Apodemus ponticus"
"Apodemus speciosus","Apodemus speciosus"
"Apodemus sylvaticus","Apodemus sylvaticus"
"Apodemus uralensis","Apodemus uralensis"
"Arctocephalus australis","Arctocephalus australis"
"Arctocephalus forsteri","Arctocephalus forsteri"
"Arctocephalus galapagoensis","Arctocephalus galapagoensis"
"Artibeus fimbriatus","Artibeus fimbriatus"
"Artibeus jamaicensis","Artibeus jamaicensis"
"Artibeus lituratus","Artibeus lituratus"
"Artibeus planirostris","Artibeus planirostris"
"Arvicanthis neumanni","Arvicanthis neumanni"
"Arvicanthis niloticus","Arvicanthis niloticus"
"Arvicola amphibius","Arvicola amphibius"
"Arvicola scherman","Arvicola scherman"
"Atelerix albiventris","Atelerix albiventris"
"Ateles fusciceps","Ateles fusciceps"
"Ateles geoffroyi","Ateles geoffroyi"
"Ateles paniscus","Ateles paniscus"
"Atherurus africanus","Atherurus africanus"
"Atilax paludinosus","Atilax paludinosus"
"Axis axis","Axis axis"
"Axis porcinus","Axis porcinus"
"Babyrousa babyrussa","Babyrousa babyrussa"
"Baiomys taylori","Baiomys taylori"
"Balaena mysticetus","Balaena mysticetus"
"Balaenoptera acutorostrata","Balaenoptera acutorostrata"
"Balaenoptera borealis","Balaenoptera borealis"
"Balaenoptera physalus","Balaenoptera physalus"
"Bandicota bengalensis","Bandicota bengalensis"
"Bandicota indica","Bandicota indica"
"Bandicota savilei","Bandicota savilei"
"Barbastella barbastellus","Barbastella barbastellus"
"Bassaricyon gabbii","Bassaricyon gabbii"
"Bassariscus astutus","Bassariscus astutus"
"Beatragus hunteri","Beatragus hunteri"
"Bettongia gaimardi","Bettongia gaimardi"
"Bettongia penicillata","Bettongia penicillata"
"Bibimys chacoensis","Bibimys chacoensis"
"Bison bison","Bison bison"
"Bison bonasus","Bison bonasus"
"Blastocerus dichotomus","Blastocerus dichotomus"
"Bos frontalis","Bos frontalis"
"Bos grunniens","Bos grunniens"
"Bos javanicus","Bos javanicus"
"Bos mutus","Bos mutus"
"Bos taurus","Bos taurus"
"Bos taurus indicus","Bos taurus"
"Bos taurus primigenius","Bos taurus"
"Boselaphus tragocamelus","Boselaphus tragocamelus"
"Brachyteles arachnoides","Brachyteles arachnoides"
"Bradypus tridactylus","Bradypus tridactylus"
"Bradypus variegatus","Bradypus variegatus"
"Bubalus bubalis","Bubalus arnee"
"Bubalus carabanensis","Bubalus arnee"
"Budorcas taxicolor","Budorcas taxicolor"
"Cabassous centralis","Cabassous centralis"
"Cacajao calvus","Cacajao calvus"
"Cacajao melanocephalus","Cacajao melanocephalus"
"Callimico goeldii","Callimico goeldii"
"Callithrix geoffroyi","Callithrix geoffroyi"
"Callithrix jacchus","Callithrix jacchus"
"Callithrix penicillata","Callithrix penicillata"
"Callorhinus ursinus","Callorhinus ursinus"
"Callospermophilus lateralis","Callospermophilus lateralis"
"Calomys callidus","Calomys callidus"
"Calomys callosus","Calomys callosus"
"Calomys laucha","Calomys laucha"
"Calomys musculinus","Calomys musculinus"
"Calomys tener","Calomys tener"
"Caluromys derbianus","Caluromys derbianus"
"Caluromys philander","Caluromys philander"
"Camelus bactrianus","Camelus bactrianus"
"Camelus dromedarius","Camelus dromedarius"
"Canis adustus","Canis adustus"
"Canis aureus","Canis aureus"
"Canis latrans","Canis latrans"
"Canis lupus","Canis lupus"
"Canis lupus familiaris","Canis lupus"
"Canis mesomelas","Canis mesomelas"
"Canis simensis","Canis simensis"
"Capra aegagrus","Capra aegagrus"
"Capra caucasica","Capra caucasica"
"Capra hircus","Capra hircus"
"Capra ibex","Capra ibex"
"Capra nubiana","Capra nubiana"
"Capra pyrenaica","Capra pyrenaica"
"Capreolus capreolus","Capreolus capreolus"
"Capricornis crispus","Capricornis crispus"
"Capricornis sumatraensis","Capricornis sumatraensis"
"Caracal caracal","Caracal caracal"
"Carollia brevicauda","Carollia brevicauda"
"Carollia perspicillata","Carollia perspicillata"
"Carollia subrufa","Carollia subrufa"
"Castor canadensis","Castor canadensis"
"Castor fiber","Castor fiber"
"Cavia porcellus","Cavia porcellus"
"Cebuella pygmaea","Cebuella pygmaea"
"Cebus capucinus","Cebus capucinus"
"Cebus olivaceus","Cebus olivaceus"
"Cephalophus callipygus","Cephalophus callipygus"
"Cephalophus dorsalis","Cephalophus dorsalis"
"Cephalophus leucogaster","Cephalophus leucogaster"
"Cephalophus niger","Cephalophus niger"
"Cephalophus nigrifrons","Cephalophus nigrifrons"
"Cephalophus rufilatus","Cephalophus rufilatus"
"Cephalophus silvicultor","Cephalophus silvicultor"
"Cephalophus weynsi","Cephalophus weynsi"
"Cephalophus zebra","Cephalophus zebra"
"Ceratotherium simum","Ceratotherium simum"
"Cercocebus agilis","Cercocebus agilis"
"Cercocebus atys","Cercocebus atys"
"Cercocebus chrysogaster","Cercocebus chrysogaster"
"Cercocebus galeritus","Cercocebus galeritus"
"Cercocebus torquatus","Cercocebus torquatus"
"Cercopithecus albogularis","Cercopithecus mitis"
"Cercopithecus ascanius","Cercopithecus ascanius"
"Cercopithecus campbelli","Cercopithecus campbelli"
"Cercopithecus cephus","Cercopithecus cephus"
"Cercopithecus denti","Cercopithecus pogonias"
"Cercopithecus diana","Cercopithecus diana"
"Cercopithecus erythrotis","Cercopithecus erythrotis"
"Cercopithecus hamlyni","Cercopithecus hamlyni"
"Cercopithecus mitis","Cercopithecus mitis"
"Cercopithecus mona","Cercopithecus mona"
"Cercopithecus neglectus","Cercopithecus neglectus"
"Cercopithecus nictitans","Cercopithecus nictitans"
"Cercopithecus petaurista","Cercopithecus petaurista"
"Cercopithecus pogonias","Cercopithecus pogonias"
"Cercopithecus wolfi","Cercopithecus pogonias"
"Cerdocyon thous","Cerdocyon thous"
"Cervus elaphus","Cervus elaphus"
"Cervus nippon","Cervus nippon"
"Chaerephon plicatus","Chaerephon plicatus"
"Chaerephon pumilus","Chaerephon pumilus"
"Chaetodipus hispidus","Chaetodipus hispidus"
"Chaetodipus spinatus","Chaetodipus spinatus"
"Chaetophractus vellerosus","Chaetophractus vellerosus"
"Chinchilla lanigera","Chinchilla lanigera"
"Chionomys roberti","Chionomys roberti"
"Chironectes minimus","Chironectes minimus"
"Chlorocebus aethiops","Chlorocebus aethiops"
"Chlorocebus pygerythrus","Chlorocebus pygerythrus"
"Chlorocebus sabaeus","Chlorocebus sabaeus"
"Chlorocebus tantalus","Chlorocebus tantalus"
"Choeropsis liberiensis","Choeropsis liberiensis"
"Choloepus didactylus","Choloepus didactylus"
"Choloepus hoffmanni","Choloepus hoffmanni"
"Chrotogale owstoni","Chrotogale owstoni"
"Chrotopterus auritus","Chrotopterus auritus"
"Chrysocyon brachyurus","Chrysocyon brachyurus"
"Civettictis civetta","Civettictis civetta"
"Coendou bicolor","Coendou bicolor"
"Coendou melanurus","Coendou melanurus"
"Coendou mexicanus","Coendou mexicanus"
"Coendou prehensilis","Coendou prehensilis"
"Colobus guereza","Colobus guereza"
"Colobus polykomos","Colobus polykomos"
"Connochaetes gnou","Connochaetes gnou"
"Connochaetes taurinus","Connochaetes taurinus"
"Corynorhinus townsendii","Corynorhinus townsendii"
"Cricetomys emini","Cricetomys emini"
"Cricetomys gambianus","Cricetomys gambianus"
"Cricetulus barabensis","Cricetulus barabensis"
"Cricetus cricetus","Cricetus cricetus"
"Crocidura lasiura","Crocidura lasiura"
"Crocidura leucodon","Crocidura leucodon"
"Crocidura olivieri","Crocidura olivieri"
"Crocidura russula","Crocidura russula"
"Crocidura zaphiri","Crocidura zaphiri"
"Crocuta crocuta","Crocuta crocuta"
"Ctenodactylus gundi","Ctenodactylus gundi"
"Cuniculus paca","Cuniculus paca"
"Cyclopes didactylus","Cyclopes didactylus"
"Cynictis penicillata","Cynictis penicillata"
"Cynomops abrasus","Cynomops abrasus"
"Cynomops planirostris","Cynomops planirostris"
"Cynomys ludovicianus","Cynomys ludovicianus"
"Cynopterus brachyotis","Cynopterus brachyotis"
"Cynopterus sphinx","Cynopterus sphinx"
"Cystophora cristata","Cystophora cristata"
"Dama dama","Dama dama"
"Damaliscus lunatus","Damaliscus lunatus"
"Damaliscus pygargus","Damaliscus pygargus"
"Dasycercus cristicauda","Dasycercus cristicauda"
"Dasymys incomtus","Dasymys incomtus"
"Dasyprocta fuliginosa","Dasyprocta fuliginosa"
"Dasyprocta leporina","Dasyprocta leporina"
"Dasyprocta punctata","Dasyprocta punctata"
"Dasypus novemcinctus","Dasypus novemcinctus"
"Delphinapterus leucas","Delphinapterus leucas"
"Delphinus delphis","Delphinus delphis"
"Dendrolagus goodfellowi","Dendrolagus goodfellowi"
"Dermanura cinerea","Dermanura cinereus"
"Dermanura phaeotis","Dermanura phaeotis"
"Dermanura tolteca","Dermanura toltecus"
"Desmodillus auricularis","Desmodillus auricularis"
"Desmodus rotundus","Desmodus rotundus"
"Diaemus youngi","Diaemus youngi"
"Diceros bicornis","Diceros bicornis"
"Diclidurus albus","Diclidurus albus"
"Dicrostonyx groenlandicus","Dicrostonyx groenlandicus"
"Didelphis marsupialis","Didelphis marsupialis"
"Didelphis virginiana","Didelphis virginiana"
"Diphylla ecaudata","Diphylla ecaudata"
"Diplomys labilis","Diplomys labilis"
"Dipodomys heermanni","Dipodomys heermanni"
"Dipodomys merriami","Dipodomys merriami"
"Dipodomys microps","Dipodomys microps"
"Dipodomys nitratoides","Dipodomys nitratoides"
"Dipodomys ordii","Dipodomys ordii"
"Dobsonia anderseni","Dobsonia anderseni"
"Dobsonia moluccensis","Dobsonia moluccensis"
"Dorcopsis muelleri","Dorcopsis muelleri"
"Eidolon dupreanum","Eidolon dupreanum"
"Eidolon helvum","Eidolon helvum"
"Eira barbara","Eira barbara"
"Elaphodus cephalophus","Elaphodus cephalophus"
"Elaphurus davidianus","Elaphurus davidianus"
"Elephas maximus","Elephas maximus"
"Eliomys munbyanus","Eliomys munbyanus"
"Enhydra lutris","Enhydra lutris"
"Eonycteris spelaea","Eonycteris spelaea"
"Epomophorus gambianus","Epomophorus gambianus"
"Epomophorus labiatus","Epomophorus labiatus"
"Epomophorus wahlbergi","Epomophorus wahlbergi"
"Epomops buettikoferi","Epomops buettikoferi"
"Epomops dobsonii","Epomops dobsonii"
"Epomops franqueti","Epomops franqueti"
"Eptesicus brasiliensis","Eptesicus brasiliensis"
"Eptesicus diminutus","Eptesicus diminutus"
"Eptesicus furinalis","Eptesicus furinalis"
"Eptesicus fuscus","Eptesicus fuscus"
"Eptesicus serotinus","Eptesicus serotinus"
"Equus asinus","Equus africanus"
"Equus caballus","Equus caballus"
"Equus grevyi","Equus grevyi"
"Equus hemionus","Equus hemionus"
"Equus kiang","Equus kiang"
"Equus przewalskii","Equus ferus"
"Equus quagga","Equus quagga"
"Equus quagga burchellii","Equus quagga"
"Equus zebra","Equus zebra"
"Erethizon dorsatum","Erethizon dorsatum"
"Erignathus barbatus","Erignathus barbatus"
"Erinaceus europaeus","Erinaceus europaeus"
"Erinaceus roumanicus","Erinaceus roumanicus"
"Erythrocebus patas","Erythrocebus patas"
"Eschrichtius robustus","Eschrichtius robustus"
"Euderma maculatum","Euderma maculatum"
"Eudorcas thomsonii","Eudorcas thomsonii"
"Eulemur albifrons","Eulemur albifrons"
"Eulemur fulvus","Eulemur fulvus"
"Eulemur macaco","Eulemur macaco"
"Eumetopias jubatus","Eumetopias jubatus"
"Eumops auripendulus","Eumops auripendulus"
"Eumops bonariensis","Eumops bonariensis"
"Eumops glaucinus","Eumops glaucinus"
"Eumops patagonicus","Eumops patagonicus"
"Eumops perotis","Eumops perotis"
"Euoticus elegantulus","Euoticus elegantulus"
"Euryzygomatomys spinosus","Euryzygomatomys spinosus"
"Eutamias sibiricus","Tamias sibiricus"
"Felis catus","Felis catus"
"Felis margarita","Felis margarita"
"Felis nigripes","Felis nigripes"
"Felis silvestris","Felis silvestris"
"Feresa attenuata","Feresa attenuata"
"Funambulus pennantii","Funambulus pennantii"
"Funambulus tristriatus","Funambulus tristriatus"
"Funisciurus anerythrus","Funisciurus anerythrus"
"Funisciurus congicus","Funisciurus congicus"
"Funisciurus lemniscatus","Funisciurus lemniscatus"
"Galago senegalensis","Galago senegalensis"
"Galagoides demidoff","Galagoides demidovii"
"Galerella pulverulenta","Herpestes pulverulentus"
"Galerella sanguinea","Herpestes sanguineus"
"Galictis cuja","Galictis cuja"
"Gardnerycteris crenulatum","Mimon crenulatum"
"Gazella dorcas","Gazella dorcas"
"Gazella gazella","Gazella gazella"
"Gazella subgutturosa","Gazella subgutturosa"
"Genetta genetta","Genetta genetta"
"Genetta maculata","Genetta maculata"
"Genetta tigrina","Genetta tigrina"
"Geomys bursarius","Geomys bursarius"
"Gerbilliscus brantsii","Gerbilliscus brantsii"
"Gerbilliscus kempi","Gerbilliscus kempi"
"Gerbilliscus leucogaster","Gerbilliscus leucogaster"
"Gerbilliscus validus","Gerbilliscus validus"
"Gerbillus dasyurus","Gerbillus dasyurus"
"Gerbillus gerbillus","Gerbillus gerbillus"
"Gerbillus pyramidum","Gerbillus pyramidum"
"Giraffa camelopardalis","Giraffa camelopardalis"
"Glaucomys volans","Glaucomys volans"
"Glauconycteris argentata","Glauconycteris argentata"
"Glis glis","Glis glis"
"Globicephala macrorhynchus","Globicephala macrorhynchus"
"Globicephala melas","Globicephala melas"
"Glossophaga commissarisi","Glossophaga commissarisi"
"Glossophaga longirostris","Glossophaga longirostris"
"Glossophaga morenoi","Glossophaga morenoi"
"Glossophaga soricina","Glossophaga soricina"
"Golunda ellioti","Golunda ellioti"
"Gorilla beringei","Gorilla beringei"
"Gorilla gorilla","Gorilla gorilla"
"Grampus griseus","Grampus griseus"
"Graomys griseoflavus","Graomys griseoflavus"
"Gulo gulo","Gulo gulo"
"Halichoerus grypus","Halichoerus grypus"
"Handleyomys alfaroi","Handleyomys alfaroi"
"Handleyomys fuscatus","Handleyomys fuscatus"
"Helarctos malayanus","Helarctos malayanus"
"Heliosciurus gambianus","Heliosciurus gambianus"
"Heliosciurus rufobrachium","Heliosciurus rufobrachium"
"Hemiechinus auritus","Hemiechinus auritus"
"Hemitragus jemlahicus","Hemitragus jemlahicus"
"Herpailurus yagouaroundi","Herpailurus yagouaroundi"
"Herpestes edwardsii","Herpestes edwardsii"
"Herpestes ichneumon","Herpestes ichneumon"
"Herpestes javanicus","Herpestes javanicus"
"Herpestes sanguineus","Herpestes sanguineus"
"Heteromys adspersus","Liomys adspersus"
"Heteromys anomalus","Heteromys anomalus"
"Heteromys salvini","Liomys salvini"
"Hippopotamus amphibius","Hippopotamus amphibius"
"Hipposideros abae","Hipposideros abae"
"Hipposideros armiger","Hipposideros armiger"
"Hipposideros bicolor","Hipposideros bicolor"
"Hipposideros caffer","Hipposideros caffer"
"Hipposideros cineraceus","Hipposideros cineraceus"
"Hipposideros crumeniferus","Hipposideros crumeniferus"
"Hipposideros diadema","Hipposideros diadema"
"Hipposideros lankadiva","Hipposideros lankadiva"
"Hipposideros larvatus","Hipposideros larvatus"
"Hipposideros pomona","Hipposideros pomona"
"Hipposideros ruber","Hipposideros ruber"
"Hipposideros speoris","Hipposideros speoris"
"Hippotragus equinus","Hippotragus equinus"
"Hippotragus niger","Hippotragus niger"
"Histiotus macrotus","Histiotus macrotus"
"Histiotus montanus","Histiotus montanus"
"Histiotus velatus","Histiotus velatus"
"Histriophoca fasciata","Histriophoca fasciata"
"Holochilus sciureus","Holochilus sciureus"
"Homo sapiens","Homo sapiens"
"Hoolock hoolock","Hoolock hoolock"
"Hoplomys gymnurus","Hoplomys gymnurus"
"Hyaena hyaena","Hyaena hyaena"
"Hydrochoerus hydrochaeris","Hydrochoerus hydrochaeris"
"Hydromys chrysogaster","Hydromys chrysogaster"
"Hydropotes inermis","Hydropotes inermis"
"Hydrurga leptonyx","Hydrurga leptonyx"
"Hylaeamys laticeps","Hylaeamys laticeps"
"Hylaeamys megacephalus","Hylaeamys megacephalus"
"Hylobates agilis","Hylobates agilis"
"Hylobates lar","Hylobates lar"
"Hylobates moloch","Hylobates moloch"
"Hylobates muelleri","Hylobates muelleri"
"Hylobates pileatus","Hylobates pileatus"
"Hylochoerus meinertzhageni","Hylochoerus meinertzhageni"
"Hylomyscus alleni","Hylomyscus alleni"
"Hypsignathus monstrosus","Hypsignathus monstrosus"
"Hypsugo savii","Pipistrellus savii"
"Hystrix africaeaustralis","Hystrix africaeaustralis"
"Ia io","Ia io"
"Ichneumia albicauda","Ichneumia albicauda"
"Ictidomys tridecemlineatus","Ictidomys tridecemlineatus"
"Indopacetus pacificus","Indopacetus pacificus"
"Isoodon macrourus","Isoodon macrourus"
"Isoodon obesulus","Isoodon obesulus"
"Kobus ellipsiprymnus","Kobus ellipsiprymnus"
"Kobus kob","Kobus kob"
"Kobus leche","Kobus leche"
"Kobus megaceros","Kobus megaceros"
"Kogia breviceps","Kogia breviceps"
"Lagenodelphis hosei","Lagenodelphis hosei"
"Lagenorhynchus acutus","Lagenorhynchus acutus"
"Lagenorhynchus albirostris","Lagenorhynchus albirostris"
"Lagenorhynchus obliquidens","Lagenorhynchus obliquidens"
"Lagenorhynchus obscurus","Lagenorhynchus obscurus"
"Lagorchestes conspicillatus","Lagorchestes conspicillatus"
"Lagothrix lagothricha","Lagothrix lagotricha"
"Lagurus lagurus","Lagurus lagurus"
"Lama glama","Lama glama"
"Lama glama guanicoe","Lama glama"
"Lasionycteris noctivagans","Lasionycteris noctivagans"
"Lasiopodomys gregalis","Microtus gregalis"
"Lasiurus blossevillii","Lasiurus blossevillii"
"Lasiurus borealis","Lasiurus borealis"
"Lasiurus cinereus","Lasiurus cinereus"
"Lasiurus ega","Lasiurus ega"
"Lasiurus egregius","Lasiurus egregius"
"Lasiurus intermedius","Lasiurus intermedius"
"Lasiurus seminolus","Lasiurus seminolus"
"Lasiurus xanthinus","Lasiurus xanthinus"
"Lemmus lemmus","Lemmus lemmus"
"Lemmus sibiricus","Lemmus sibiricus"
"Lemniscomys rosalia","Lemniscomys rosalia"
"Lemniscomys striatus","Lemniscomys striatus"
"Lemur catta","Lemur catta"
"Leontocebus fuscicollis","Leontocebus fuscicollis"
"Leontocebus nigricollis","Leontocebus nigricollis"
"Leontopithecus chrysomelas","Leontopithecus chrysomelas"
"Leontopithecus rosalia","Leontopithecus rosalia"
"Leopardus colocolo","Leopardus colocolo"
"Leopardus geoffroyi","Leopardus geoffroyi"
"Leopardus pardalis","Leopardus pardalis"
"Leopardus tigrinus","Leopardus tigrinus"
"Leopardus wiedii","Leopardus wiedii"
"Lepilemur edwardsi","Lepilemur edwardsi"
"Lepilemur mustelinus","Lepilemur mustelinus"
"Leptailurus serval","Leptailurus serval"
"Leptonychotes weddellii","Leptonychotes weddellii"
"Leptonycteris curasoae","Leptonycteris curasoae"
"Leptonycteris nivalis","Leptonycteris nivalis"
"Lepus americanus","Lepus americanus"
"Lepus californicus","Lepus californicus"
"Lepus capensis","Lepus capensis"
"Lepus corsicanus","Lepus corsicanus"
"Lepus europaeus","Lepus europaeus"
"Lepus granatensis","Lepus granatensis"
"Lepus saxatilis","Lepus saxatilis"
"Lepus timidus","Lepus timidus"
"Lissonycteris angolensis","Myonycteris angolensis"
"Litocranius walleri","Litocranius walleri"
"Lobodon carcinophaga","Lobodon carcinophaga"
"Lonchophylla robusta","Lonchophylla robusta"
"Lonchorhina aurita","Lonchorhina aurita"
"Lontra canadensis","Lontra canadensis"
"Lophocebus albigena","Lophocebus albigena"
"Lophocebus aterrimus","Lophocebus aterrimus"
"Lophostoma brasiliense","Lophostoma brasiliense"
"Lophostoma silvicolum","Lophostoma silvicolum"
"Lophuromys flavopunctatus","Lophuromys flavopunctatus"
"Lophuromys sikapusi","Lophuromys sikapusi"
"Loxodonta africana","Loxodonta africana"
"Loxodontomys micropus","Loxodontomys micropus"
"Lutra lutra","Lutra lutra"
"Lycalopex culpaeus","Pseudalopex culpaeus"
"Lycalopex gymnocercus","Pseudalopex gymnocercus"
"Lycalopex vetulus","Pseudalopex vetulus"
"Lycaon pictus","Lycaon pictus"
"Lynx canadensis","Lynx canadensis"
"Lynx lynx","Lynx lynx"
"Lynx pardinus","Lynx pardinus"
"Lynx rufus","Lynx rufus"
"Lyroderma lyra","Megaderma lyra"
"Macaca arctoides","Macaca arctoides"
"Macaca cyclopis","Macaca cyclopis"
"Macaca fascicularis","Macaca fascicularis"
"Macaca fuscata","Macaca fuscata"
"Macaca maura","Macaca maura"
"Macaca mulatta","Macaca mulatta"
"Macaca nemestrina","Macaca nemestrina"
"Macaca nigra","Macaca nigra"
"Macaca nigrescens","Macaca nigrescens"
"Macaca ochreata","Macaca ochreata"
"Macaca radiata","Macaca radiata"
"Macaca silenus","Macaca silenus"
"Macaca sinica","Macaca sinica"
"Macaca sylvanus","Macaca sylvanus"
"Macaca thibetana","Macaca thibetana"
"Macaca tonkeana","Macaca tonkeana"
"Macroglossus minimus","Macroglossus minimus"
"Macronycteris commersoni","Hipposideros commersoni"
"Macropus agilis","Macropus agilis"
"Macropus dorsalis","Macropus dorsalis"
"Macropus eugenii","Macropus eugenii"
"Macropus fuliginosus","Macropus fuliginosus"
"Macropus giganteus","Macropus giganteus"
"Macropus parma","Macropus parma"
"Macropus parryi","Macropus parryi"
"Macropus robustus","Macropus robustus"
"Macropus rufogriseus","Macropus rufogriseus"
"Macropus rufus","Macropus rufus"
"Macrotus californicus","Macrotus californicus"
"Madoqua kirkii","Madoqua kirkii"
"Madoqua saltiana","Madoqua saltiana"
"Madromys blanfordi","Madromys blanfordi"
"Mandrillus leucophaeus","Mandrillus leucophaeus"
"Mandrillus sphinx","Mandrillus sphinx"
"Marmosa demerarae","Marmosa demerarae"
"Marmosa murina","Marmosa murina"
"Marmosa robinsoni","Marmosa robinsoni"
"Marmosops parvidens","Marmosops parvidens"
"Marmota caudata","Marmota caudata"
"Marmota flaviventris","Marmota flaviventris"
"Marmota monax","Marmota monax"
"Martes foina","Martes foina"
"Martes martes","Martes martes"
"Martes melampus","Martes melampus"
"Martes pennanti","Martes pennanti"
"Mastomys coucha","Mastomys coucha"
"Mastomys erythroleucus","Mastomys erythroleucus"
"Mastomys huberti","Mastomys huberti"
"Mastomys natalensis","Mastomys natalensis"
"Mazama americana","Mazama americana"
"Mazama gouazoubira","Mazama gouazoubira"
"Mazama nana","Mazama nana"
"Megadontomys nelsoni","Megadontomys nelsoni"
"Melanomys caliginosus","Melanomys caliginosus"
"Meles meles","Meles meles"
"Mellivora capensis","Mellivora capensis"
"Melogale moschata","Melogale moschata"
"Mephitis macroura","Mephitis macroura"
"Mephitis mephitis","Mephitis mephitis"
"Meriones crassus","Meriones crassus"
"Meriones hurrianae","Meriones hurrianae"
"Meriones libycus","Meriones libycus"
"Meriones tamariscinus","Meriones tamariscinus"
"Mesocricetus auratus","Mesocricetus auratus"
"Mesomys hispidus","Mesomys hispidus"
"Metachirus nudicaudatus","Metachirus nudicaudatus"
"Micaelamys namaquensis","Aethomys namaquensis"
"Mico argentatus","Mico argentatus"
"Mico humeralifer","Mico humeralifer"
"Mico leucippe","Mico leucippe"
"Micromys minutus","Micromys minutus"
"Micronycteris megalotis","Micronycteris megalotis"
"Micropteropus pusillus","Micropteropus pusillus"
"Microtus agrestis","Microtus agrestis"
"Microtus arvalis","Microtus arvalis"
"Microtus californicus","Microtus californicus"
"Microtus fortis","Microtus fortis"
"Microtus gregalis","Microtus gregalis"
"Microtus guentheri","Microtus guentheri"
"Microtus ilaeus","Microtus ilaeus"
"Microtus levis","Microtus levis"
"Microtus maximowiczii","Microtus maximowiczii"
"Microtus montanus","Microtus montanus"
"Microtus ochrogaster","Microtus ochrogaster"
"Microtus oeconomus","Microtus oeconomus"
"Microtus pennsylvanicus","Microtus pennsylvanicus"
"Microtus socialis","Microtus socialis"
"Microtus subterraneus","Microtus subterraneus"
"Millardia meltada","Millardia meltada"
"Miniopterus inflatus","Miniopterus inflatus"
"Miniopterus magnater","Miniopterus magnater"
"Miniopterus pusillus","Miniopterus pusillus"
"Miniopterus schreibersii","Miniopterus schreibersii"
"Miopithecus ogouensis","Miopithecus ogouensis"
"Miopithecus talapoin","Miopithecus talapoin"
"Mirounga angustirostris","Mirounga angustirostris"
"Mirounga leonina","Mirounga leonina"
"Molossops neglectus","Molossops neglectus"
"Molossus molossus","Molossus molossus"
"Molossus rufus","Molossus rufus"
"Monachus monachus","Monachus monachus"
"Monodelphis domestica","Monodelphis domestica"
"Mops condylurus","Mops condylurus"
"Mormoops megalophylla","Mormoops megalophylla"
"Mungos mungo","Mungos mungo"
"Muntiacus muntjak","Muntiacus muntjak"
"Muntiacus reevesi","Muntiacus reevesi"
"Murina aurata","Murina aurata"
"Murina leucogaster","Murina leucogaster"
"Mus booduga","Mus booduga"
"Mus cervicolor","Mus cervicolor"
"Mus mattheyi","Mus mattheyi"
"Mus musculoides","Mus musculoides"
"Mus musculus","Mus musculus"
"Mus setulosus","Mus setulosus"
"Mus spicilegus","Mus spicilegus"
"Mus spretus","Mus spretus"
"Mustela erminea","Mustela erminea"
"Mustela frenata","Mustela frenata"
"Mustela lutreola","Mustela lutreola"
"Mustela nigripes","Mustela nigripes"
"Mustela nivalis","Mustela nivalis"
"Mustela putorius","Mustela putorius"
"Mustela sibirica","Mustela sibirica"
"Myocastor coypus","Myocastor coypus"
"Myodes gapperi","Myodes gapperi"
"Myodes glareolus","Myodes glareolus"
"Myodes regulus","Myodes regulus"
"Myodes rufocanus","Myodes rufocanus"
"Myodes rutilus","Myodes rutilus"
"Myonycteris torquata","Myonycteris torquata"
"Myoprocta acouchy","Myoprocta acouchy"
"Myotis albescens","Myotis albescens"
"Myotis austroriparius","Myotis austroriparius"
"Myotis bechsteinii","Myotis bechsteinii"
"Myotis blythii","Myotis blythii"
"Myotis californicus","Myotis californicus"
"Myotis capaccinii","Myotis capaccinii"
"Myotis chiloensis","Myotis chiloensis"
"Myotis chinensis","Myotis chinensis"
"Myotis dasycneme","Myotis dasycneme"
"Myotis daubentonii","Myotis daubentonii"
"Myotis evotis","Myotis evotis"
"Myotis grisescens","Myotis grisescens"
"Myotis horsfieldii","Myotis horsfieldii"
"Myotis keenii","Myotis keenii"
"Myotis leibii","Myotis leibii"
"Myotis levis","Myotis levis"
"Myotis lucifugus","Myotis lucifugus"
"Myotis macrodactylus","Myotis macrodactylus"
"Myotis myotis","Myotis myotis"
"Myotis mystacinus","Myotis mystacinus"
"Myotis nattereri","Myotis nattereri"
"Myotis nigricans","Myotis nigricans"
"Myotis pilosus","Myotis pilosus"
"Myotis ricketti","Myotis pilosus"
"Myotis riparius","Myotis riparius"
"Myotis septentrionalis","Myotis septentrionalis"
"Myotis thysanodes","Myotis thysanodes"
"Myotis velifer","Myotis velifer"
"Myotis volans","Myotis volans"
"Myotis yumanensis","Myotis yumanensis"
"Myrmecophaga tridactyla","Myrmecophaga tridactyla"
"Nanger granti","Nanger granti"
"Napaeozapus insignis","Napaeozapus insignis"
"Nasua narica","Nasua narica"
"Nasua nasua","Nasua nasua"
"Natalus stramineus","Natalus stramineus"
"Natalus tumidirostris","Natalus tumidirostris"
"Neacomys guianae","Neacomys guianae"
"Neacomys spinosus","Neacomys spinosus"
"Necromys amoenus","Necromys amoenus"
"Necromys benefactus","Necromys benefactus"
"Necromys lasiurus","Necromys lasiurus"
"Necromys obscurus","Necromys obscurus"
"Nectomys squamipes","Nectomys squamipes"
"Neofelis nebulosa","Neofelis nebulosa"
"Neomonachus schauinslandi","Neomonachus schauinslandi"
"Neotamias amoenus","Tamias amoenus"
"Neotamias minimus","Tamias minimus"
"Neotamias quadrivittatus","Tamias quadrivittatus"
"Neotamias umbrinus","Tamias umbrinus"
"Neotoma albigula","Neotoma albigula"
"Neotoma cinerea","Neotoma cinerea"
"Neotoma floridana","Neotoma floridana"
"Neotoma fuscipes","Neotoma fuscipes"
"Neotoma lepida","Neotoma lepida"
"Neotoma leucodon","Neotoma leucodon"
"Neotoma macrotis","Neotoma macrotis"
"Neotoma mexicana","Neotoma mexicana"
"Neotoma micropus","Neotoma micropus"
"Neotoma stephensi","Neotoma stephensi"
"Neovison vison","Neovison vison"
"Nephelomys albigularis","Nephelomys albigularis"
"Niviventer confucianus","Niviventer confucianus"
"Nomascus concolor","Nomascus concolor"
"Nomascus gabriellae","Nomascus gabriellae"
"Nomascus leucogenys","Nomascus leucogenys"
"Nyctalus noctula","Nyctalus noctula"
"Nyctereutes procyonoides","Nyctereutes procyonoides"
"Nycteris gambiensis","Nycteris gambiensis"
"Nycteris nana","Nycteris nana"
"Nycteris thebaica","Nycteris thebaica"
"Nycticebus coucang","Nycticebus coucang"
"Nycticeius humeralis","Nycticeius humeralis"
"Nyctinomops laticaudatus","Nyctinomops laticaudatus"
"Nyctinomops macrotis","Nyctinomops macrotis"
"Ochotona curzoniae","Ochotona curzoniae"
"Odobenus rosmarus","Odobenus rosmarus"
"Odocoileus hemionus","Odocoileus hemionus"
"Odocoileus virginianus","Odocoileus virginianus"
"Oecomys bicolor","Oecomys bicolor"
"Oecomys paricola","Oecomys paricola"
"Okapia johnstoni","Okapia johnstoni"
"Oligoryzomys chacoensis","Oligoryzomys chacoensis"
"Oligoryzomys flavescens","Oligoryzomys flavescens"
"Oligoryzomys fornesi","Oligoryzomys fornesi"
"Oligoryzomys fulvescens","Oligoryzomys fulvescens"
"Oligoryzomys longicaudatus","Oligoryzomys longicaudatus"
"Oligoryzomys microtis","Oligoryzomys microtis"
"Oligoryzomys nigripes","Oligoryzomys nigripes"
"Ondatra zibethicus","Ondatra zibethicus"
"Onychogalea unguifera","Onychogalea unguifera"
"Onychomys leucogaster","Onychomys leucogaster"
"Onychomys torridus","Onychomys torridus"
"Orcinus orca","Orcinus orca"
"Oreamnos americanus","Oreamnos americanus"
"Oreotragus oreotragus","Oreotragus oreotragus"
"Oryctolagus cuniculus","Oryctolagus cuniculus"
"Oryx beisa","Oryx beisa"
"Oryx dammah","Oryx dammah"
"Oryx gazella","Oryx gazella"
"Oryx leucoryx","Oryx leucoryx"
"Oryzomys couesi","Oryzomys couesi"
"Oryzomys palustris","Oryzomys palustris"
"Otocolobus manul","Otocolobus manul"
"Otocyon megalotis","Otocyon megalotis"
"Otolemur crassicaudatus","Otolemur crassicaudatus"
"Otomops martiensseni","Otomops martiensseni"
"Otomys irroratus","Otomys irroratus"
"Otomys tropicalis","Otomys tropicalis"
"Otomys unisulcatus","Otomys unisulcatus"
"Otospermophilus beecheyi","Otospermophilus beecheyi"
"Otospermophilus variegatus","Otospermophilus variegatus"
"Ourebia ourebi","Ourebia ourebi"
"Ovibos moschatus","Ovibos moschatus"
"Ovis ammon","Ovis ammon"
"Ovis aries","Ovis aries"
"Ovis canadensis","Ovis canadensis"
"Ovis dalli","Ovis dalli"
"Ovis orientalis","Ovis orientalis"
"Oxymycterus nasutus","Oxymycterus nasutus"
"Oxymycterus quaestor","Oxymycterus quaestor"
"Oxymycterus rufus","Oxymycterus rufus"
"Ozotoceros bezoarticus","Ozotoceros bezoarticus"
"Pagophilus groenlandicus","Pagophilus groenlandicus"
"Paguma larvata","Paguma larvata"
"Pan paniscus","Pan paniscus"
"Pan troglodytes","Pan troglodytes"
"Panthera leo","Panthera leo"
"Panthera onca","Panthera onca"
"Panthera pardus","Panthera pardus"
"Panthera tigris","Panthera tigris"
"Panthera uncia","Panthera uncia"
"Papio anubis","Papio anubis"
"Papio cynocephalus","Papio cynocephalus"
"Papio hamadryas","Papio hamadryas"
"Papio papio","Papio papio"
"Papio ursinus","Papio ursinus"
"Paradoxurus hermaphroditus","Paradoxurus hermaphroditus"
"Paradoxurus zeylonensis","Paradoxurus zeylonensis"
"Parastrellus hesperus","Parastrellus hesperus"
"Pecari tajacu","Pecari tajacu"
"Pedetes capensis","Pedetes capensis"
"Pelomys isseli","Pelomys isseli"
"Peponocephala electra","Peponocephala electra"
"Perameles gunnii","Perameles gunnii"
"Perameles nasuta","Perameles nasuta"
"Perimyotis subflavus","Pipistrellus subflavus"
"Perodicticus potto","Perodicticus potto"
"Perognathus parvus","Perognathus parvus"
"Peromyscus attwateri","Peromyscus attwateri"
"Peromyscus beatae","Peromyscus beatae"
"Peromyscus boylii","Peromyscus boylii"
"Peromyscus californicus","Peromyscus californicus"
"Peromyscus crinitus","Peromyscus crinitus"
"Peromyscus difficilis","Peromyscus difficilis"
"Peromyscus eremicus","Peromyscus eremicus"
"Peromyscus gossypinus","Peromyscus gossypinus"
"Peromyscus leucopus","Peromyscus leucopus"
"Peromyscus maniculatus","Peromyscus maniculatus"
"Peromyscus megalops","Peromyscus megalops"
"Peromyscus melanophrys","Peromyscus melanophrys"
"Peromyscus melanotis","Peromyscus melanotis"
"Peromyscus mexicanus","Peromyscus mexicanus"
"Peromyscus truei","Peromyscus truei"
"Petaurus breviceps","Petaurus breviceps"
"Phacochoerus aethiopicus","Phacochoerus aethiopicus"
"Phacochoerus africanus","Phacochoerus africanus"
"Phascolarctos cinereus","Phascolarctos cinereus"
"Philander opossum","Philander opossum"
"Philantomba maxwellii","Philantomba maxwellii"
"Philantomba monticola","Philantomba monticola"
"Philetor brachypterus","Philetor brachypterus"
"Phoca largha","Phoca largha"
"Phoca vitulina","Phoca vitulina"
"Phocarctos hookeri","Phocarctos hookeri"
"Phocoena phocoena","Phocoena phocoena"
"Phocoena spinipinnis","Phocoena spinipinnis"
"Phocoenoides dalli","Phocoenoides dalli"
"Phyllostomus discolor","Phyllostomus discolor"
"Phyllostomus hastatus","Phyllostomus hastatus"
"Phyllotis darwini","Phyllotis darwini"
"Physeter macrocephalus","Physeter macrocephalus"
"Piliocolobus badius","Procolobus badius"
"Piliocolobus rufomitratus","Procolobus rufomitratus"
"Piliocolobus semlikiensis","Procolobus badius"
"Piliocolobus tephrosceles","Procolobus rufomitratus"
"Pipistrellus abramus","Pipistrellus abramus"
"Pipistrellus ceylonicus","Pipistrellus ceylonicus"
"Pipistrellus hesperidus","Pipistrellus hesperidus"
"Pipistrellus kuhlii","Pipistrellus kuhlii"
"Pipistrellus nathusii","Pipistrellus nathusii"
"Pipistrellus pipistrellus","Pipistrellus pipistrellus"
"Pithecia monachus","Pithecia monachus"
"Pithecia pithecia","Pithecia pithecia"
"Platyrrhinus helleri","Platyrrhinus helleri"
"Platyrrhinus lineatus","Platyrrhinus lineatus"
"Plecotus auritus","Plecotus auritus"
"Plecotus austriacus","Plecotus austriacus"
"Pongo abelii","Pongo abelii"
"Pongo pygmaeus","Pongo pygmaeus"
"Potamochoerus larvatus","Potamochoerus larvatus"
"Potamochoerus porcus","Potamochoerus porcus"
"Potorous tridactylus","Potorous tridactylus"
"Potos flavus","Potos flavus"
"Praomys daltoni","Praomys daltoni"
"Praomys jacksoni","Praomys jacksoni"
"Praomys rostratus","Praomys rostratus"
"Presbytis melalophos","Presbytis melalophos"
"Prionailurus bengalensis","Prionailurus bengalensis"
"Prionailurus planiceps","Prionailurus planiceps"
"Prionailurus viverrinus","Prionailurus viverrinus"
"Procapra gutturosa","Procapra gutturosa"
"Procolobus verus","Procolobus verus"
"Procyon cancrivorus","Procyon cancrivorus"
"Procyon lotor","Procyon lotor"
"Procyon pygmaeus","Procyon pygmaeus"
"Proechimys cuvieri","Proechimys cuvieri"
"Proechimys guairae","Proechimys guairae"
"Proechimys guyannensis","Proechimys guyannensis"
"Proechimys longicaudatus","Proechimys longicaudatus"
"Proechimys semispinosus","Proechimys semispinosus"
"Propithecus coquereli","Propithecus coquereli"
"Propithecus verreauxi","Propithecus verreauxi"
"Proteles cristata","Proteles cristata"
"Pseudocheirus peregrinus","Pseudocheirus peregrinus"
"Pseudois nayaur","Pseudois nayaur"
"Pseudomys novaehollandiae","Pseudomys novaehollandiae"
"Pseudorca crassidens","Pseudorca crassidens"
"Pteronotus davyi","Pteronotus davyi"
"Pteronotus parnellii","Pteronotus parnellii"
"Pteropus admiralitatum","Pteropus admiralitatum"
"Pteropus alecto","Pteropus alecto"
"Pteropus capistratus","Pteropus capistratus"
"Pteropus conspicillatus","Pteropus conspicillatus"
"Pteropus dasymallus","Pteropus dasymallus"
"Pteropus giganteus","Pteropus giganteus"
"Pteropus hypomelanus","Pteropus hypomelanus"
"Pteropus lylei","Pteropus lylei"
"Pteropus neohibernicus","Pteropus neohibernicus"
"Pteropus poliocephalus","Pteropus poliocephalus"
"Pteropus pumilus","Pteropus pumilus"
"Pteropus rodricensis","Pteropus rodricensis"
"Pteropus rufus","Pteropus rufus"
"Pteropus scapulatus","Pteropus scapulatus"
"Pteropus vampyrus","Pteropus vampyrus"
"Pudu puda","Pudu puda"
"Puma concolor","Puma concolor"
"Pusa caspica","Pusa caspica"
"Pusa hispida","Pusa hispida"
"Pusa sibirica","Pusa sibirica"
"Pygathrix nemaeus","Pygathrix nemaeus"
"Rangifer tarandus","Rangifer tarandus"
"Raphicerus campestris","Raphicerus campestris"
"Raphicerus sharpei","Raphicerus sharpei"
"Rattus exulans","Rattus exulans"
"Rattus fuscipes","Rattus fuscipes"
"Rattus losea","Rattus losea"
"Rattus lutreolus","Rattus lutreolus"
"Rattus nitidus","Rattus nitidus"
"Rattus norvegicus","Rattus norvegicus"
"Rattus pyctoris","Rattus pyctoris"
"Rattus rattus","Rattus rattus"
"Rattus sordidus","Rattus sordidus"
"Rattus tanezumi","Rattus tanezumi"
"Rattus tiomanicus","Rattus tiomanicus"
"Redunca arundinum","Redunca arundinum"
"Redunca fulvorufula","Redunca fulvorufula"
"Redunca redunca","Redunca redunca"
"Reithrodontomys creper","Reithrodontomys creper"
"Reithrodontomys fulvescens","Reithrodontomys fulvescens"
"Reithrodontomys megalotis","Reithrodontomys megalotis"
"Reithrodontomys mexicanus","Reithrodontomys mexicanus"
"Reithrodontomys sumichrasti","Reithrodontomys sumichrasti"
"Rhabdomys pumilio","Rhabdomys pumilio"
"Rhinoceros unicornis","Rhinoceros unicornis"
"Rhinolophus affinis","Rhinolophus affinis"
"Rhinolophus alcyone","Rhinolophus alcyone"
"Rhinolophus blasii","Rhinolophus blasii"
"Rhinolophus cornutus","Rhinolophus pusillus"
"Rhinolophus eloquens","Rhinolophus eloquens"
"Rhinolophus euryale","Rhinolophus euryale"
"Rhinolophus ferrumequinum","Rhinolophus ferrumequinum"
"Rhinolophus hildebrandtii","Rhinolophus hildebrandtii"
"Rhinolophus hipposideros","Rhinolophus hipposideros"
"Rhinolophus lepidus","Rhinolophus lepidus"
"Rhinolophus macrotis","Rhinolophus macrotis"
"Rhinolophus mehelyi","Rhinolophus mehelyi"
"Rhinolophus pearsonii","Rhinolophus pearsonii"
"Rhinolophus pusillus","Rhinolophus pusillus"
"Rhinolophus rouxii","Rhinolophus rouxii"
"Rhinolophus sinicus","Rhinolophus sinicus"
"Rhinophylla pumilio","Rhinophylla pumilio"
"Rhinopithecus roxellana","Rhinopithecus roxellana"
"Rhogeessa parvula","Rhogeessa parvula"
"Rhombomys opimus","Rhombomys opimus"
"Rhynchonycteris naso","Rhynchonycteris naso"
"Rousettus aegyptiacus","Rousettus aegyptiacus"
"Rousettus amplexicaudatus","Rousettus amplexicaudatus"
"Rousettus leschenaultii","Rousettus leschenaultii"
"Rousettus madagascariensis","Rousettus madagascariensis"
"Rucervus duvaucelii","Rucervus duvaucelii"
"Rupicapra pyrenaica","Rupicapra pyrenaica"
"Rupicapra rupicapra","Rupicapra rupicapra"
"Rusa alfredi","Rusa alfredi"
"Rusa timorensis","Rusa timorensis"
"Rusa unicolor","Rusa unicolor"
"Saccolaimus flaviventris","Saccolaimus flaviventris"
"Saccolaimus saccolaimus","Saccolaimus saccolaimus"
"Saguinus geoffroyi","Saguinus geoffroyi"
"Saguinus imperator","Saguinus imperator"
"Saguinus labiatus","Saguinus labiatus"
"Saguinus midas","Saguinus midas"
"Saguinus mystax","Saguinus mystax"
"Saguinus oedipus","Saguinus oedipus"
"Saiga tatarica","Saiga tatarica"
"Saimiri oerstedii","Saimiri oerstedii"
"Saimiri sciureus","Saimiri sciureus"
"Saimiri ustus","Saimiri ustus"
"Sapajus apella","Sapajus apella"
"Sapajus cay","Sapajus cay"
"Sapajus flavius","Sapajus flavius"
"Sapajus nigritus","Sapajus nigritus"
"Sapajus xanthosternos","Sapajus xanthosternos"
"Sarcophilus harrisii","Sarcophilus harrisii"
"Sciurus carolinensis","Sciurus carolinensis"
"Sciurus granatensis","Sciurus granatensis"
"Sciurus griseus","Sciurus griseus"
"Sciurus niger","Sciurus niger"
"Sciurus variegatoides","Sciurus variegatoides"
"Sciurus vulgaris","Sciurus vulgaris"
"Scotophilus kuhlii","Scotophilus kuhlii"
"Scotophilus nigrita","Scotophilus nigrita"
"Sekeetamys calurus","Sekeetamys calurus"
"Semnopithecus entellus","Semnopithecus entellus"
"Semnopithecus schistaceus","Semnopithecus schistaceus"
"Setonix brachyurus","Setonix brachyurus"
"Sigmodon alstoni","Sigmodon alstoni"
"Sigmodon hispidus","Sigmodon hispidus"
"Sigmodon toltecus","Sigmodon toltecus"
"Sooretamys angouya","Sooretamys angouya"
"Sorex araneus","Sorex araneus"
"Sorex arcticus","Sorex arcticus"
"Sorex minutus","Sorex minutus"
"Sotalia guianensis","Sotalia guianensis"
"Speothos venaticus","Speothos venaticus"
"Spermophilus citellus","Spermophilus citellus"
"Spermophilus fulvus","Spermophilus fulvus"
"Spilogale gracilis","Spilogale gracilis"
"Spilogale putorius","Spilogale putorius"
"Stenella coeruleoalba","Stenella coeruleoalba"
"Stenella frontalis","Stenella frontalis"
"Stenocephalemys albipes","Stenocephalemys albipes"
"Sturnira lilium","Sturnira lilium"
"Sturnira ludovici","Sturnira ludovici"
"Sturnira tildae","Sturnira tildae"
"Suncus murinus","Suncus murinus"
"Suricata suricatta","Suricata suricatta"
"Sus barbatus","Sus barbatus"
"Sus celebensis","Sus celebensis"
"Sus scrofa","Sus scrofa"
"Sus verrucosus","Sus verrucosus"
"Syconycteris australis","Syconycteris australis"
"Sylvicapra grimmia","Sylvicapra grimmia"
"Sylvilagus aquaticus","Sylvilagus aquaticus"
"Sylvilagus audubonii","Sylvilagus audubonii"
"Sylvilagus bachmani","Sylvilagus bachmani"
"Sylvilagus brasiliensis","Sylvilagus brasiliensis"
"Sylvilagus floridanus","Sylvilagus floridanus"
"Sylvilagus nuttallii","Sylvilagus nuttallii"
"Sylvilagus palustris","Sylvilagus palustris"
"Sylvisorex ollula","Sylvisorex ollula"
"Symphalangus syndactylus","Symphalangus syndactylus"
"Syncerus caffer","Syncerus caffer"
"Tachyglossus aculeatus","Tachyglossus aculeatus"
"Tadarida brasiliensis","Tadarida brasiliensis"
"Tadarida teniotis","Tadarida teniotis"
"Talpa romana","Talpa romana"
"Tamandua tetradactyla","Tamandua tetradactyla"
"Tamias striatus","Tamias striatus"
"Tamiasciurus hudsonicus","Tamiasciurus hudsonicus"
"Taphozous melanopogon","Taphozous melanopogon"
"Taphozous perforatus","Taphozous perforatus"
"Taphozous theobaldi","Taphozous theobaldi"
"Tapirus terrestris","Tapirus terrestris"
"Tatera indica","Tatera indica"
"Taxidea taxus","Taxidea taxus"
"Thallomys nigricauda","Thallomys nigricauda"
"Thaptomys nigrita","Thaptomys nigrita"
"Theropithecus gelada","Theropithecus gelada"
"Thomomys talpoides","Thomomys talpoides"
"Thryonomys swinderianus","Thryonomys swinderianus"
"Thylogale billardierii","Thylogale billardierii"
"Tolypeutes matacus","Tolypeutes matacus"
"Tonatia bidens","Tonatia bidens"
"Trachops cirrhosus","Trachops cirrhosus"
"Trachypithecus cristatus","Trachypithecus cristatus"
"Trachypithecus francoisi","Trachypithecus francoisi"
"Trachypithecus obscurus","Trachypithecus obscurus"
"Trachypithecus phayrei","Trachypithecus phayrei"
"Trachypithecus pileatus","Trachypithecus pileatus"
"Tragelaphus angasii","Tragelaphus angasii"
"Tragelaphus eurycerus","Tragelaphus eurycerus"
"Tragelaphus imberbis","Tragelaphus imberbis"
"Tragelaphus oryx","Tragelaphus oryx"
"Tragelaphus scriptus","Tragelaphus scriptus"
"Tragelaphus spekii","Tragelaphus spekii"
"Tragelaphus strepsiceros","Tragelaphus strepsiceros"
"Tragulus javanicus","Tragulus javanicus"
"Transandinomys bolivaris","Transandinomys bolivaris"
"Tremarctos ornatus","Tremarctos ornatus"
"Trichechus manatus","Trichechus manatus"
"Trichosurus vulpecula","Trichosurus vulpecula"
"Trinomys iheringi","Trinomys iheringi"
"Tscherskia triton","Tscherskia triton"
"Tupaia belangeri","Tupaia belangeri"
"Tupaia glis","Tupaia glis"
"Tursiops aduncus","Tursiops aduncus"
"Tursiops truncatus","Tursiops truncatus"
"Tylomys nudicaudus","Tylomys nudicaudus"
"Tylonycteris pachypus","Tylonycteris pachypus"
"Urocitellus columbianus","Urocitellus columbianus"
"Urocitellus parryii","Urocitellus parryii"
"Urocitellus richardsonii","Urocitellus richardsonii"
"Urocitellus undulatus","Urocitellus undulatus"
"Urocyon cinereoargenteus","Urocyon cinereoargenteus"
"Urocyon littoralis","Urocyon littoralis"
"Uroderma bilobatum","Uroderma bilobatum"
"Ursus americanus","Ursus americanus"
"Ursus arctos","Ursus arctos"
"Ursus maritimus","Ursus maritimus"
"Ursus thibetanus","Ursus thibetanus"
"Urva javanica","Herpestes javanicus"
"Vampyrodes caraccioli","Vampyrodes caraccioli"
"Vandeleuria oleracea","Vandeleuria oleracea"
"Varecia variegata","Varecia variegata"
"Vespadelus pumilus","Vespadelus pumilus"
"Vespertilio murinus","Vespertilio murinus"
"Vespertilio sinensis","Vespertilio sinensis"
"Vicugna pacos","Vicugna pacos"
"Vicugna vicugna","Vicugna vicugna"
"Viverricula indica","Viverricula indica"
"Vombatus ursinus","Vombatus ursinus"
"Vulpes chama","Vulpes chama"
"Vulpes corsac","Vulpes corsac"
"Vulpes lagopus","Vulpes lagopus"
"Vulpes macrotis","Vulpes macrotis"
"Vulpes velox","Vulpes velox"
"Vulpes vulpes","Vulpes vulpes"
"Vulpes zerda","Vulpes zerda"
"Wallabia bicolor","Wallabia bicolor"
"Xerus erythropus","Xerus erythropus"
"Xerus inauris","Xerus inauris"
"Zalophus californianus","Zalophus californianus"
"Zalophus wollebaeki","Zalophus wollebaeki"
"Zapus hudsonius","Zapus hudsonius"
"Zygodontomys brevicauda","Zygodontomys brevicauda"
