Pathogen_Original,Synonym,InAssoc,Pathogen_Harmonised,Notes
acara orthobunyavirus,,FALSE,acara,
adelaide river ephemerovirus,,FALSE,adelaide river,
adeno-associated dependoparvovirus a,,FALSE,adeno-associated virus-1,unclear whether a-b are serotypes 1-2
adeno-associated dependoparvovirus b,,FALSE,adeno-associated virus-2,unclear whether a-b are serotypes 1-2
african green monkey simian foamy,,TRUE,african green monkey simian foamy,
african horse sickness,african horsesickness virus; african horse sickness group; african horse sickness virus ahsv,TRUE,african horse sickness,
african swine fever,"african swine fever virus, asfv; african swine fever virus asf; african swine fever virus asfv",TRUE,african swine fever,
aichivirus a,,FALSE,aichi,Aichi A is Aichi
aichivirus b,,FALSE,aichivirus b,Unsure
aichivirus c,,FALSE,aichivirus c,unsure
akabane orthobunyavirus,,FALSE,akabane,
alagoas vesiculovirus,vesicular stomatitis virus; vesicular stomatitis virus vsv,FALSE,vesicular stomatitis alagoas,
alcelaphine gammaherpesvirus 1,"aihv-1; malignant catarrhal fever virus; bovine herpesvirus 3, etc.",FALSE,bovine herpesvirus 3,
alcelaphine gammaherpesvirus 2,alhv-2; alcelaphine herpesvirus 2,FALSE,alcelaphine herpesvirus 2,
allpahuayo mammarenavirus,allpahuayo virus; allpaahuayo virus,FALSE,allpaahuayo,
alphacoronavirus 1,alphacoronavirus-1,TRUE,alphacoronavirus 1,
alphapapillomavirus 1,human papillomavirus 32,FALSE,human papillomavirus 32,
alphapapillomavirus 10,human papillomavirus 6,FALSE,human papillomavirus 6,
alphapapillomavirus 11,human papillomavirus 34,FALSE,human papillomavirus 34,
alphapapillomavirus 12,"rhesus papillomavirus type 1; rhesus monkey papillomavirus; macaca mulatta papillomavirus 1, etc.",FALSE,rhesus monkey papillomavirus 1,
alphapapillomavirus 13,,FALSE,alphapapillomavirus 13,
alphapapillomavirus 14,human papillomavirus 90,FALSE,human papillomavirus cand90,
alphapapillomavirus 2,human papillomavirus 10,FALSE,human papillomavirus 10,
alphapapillomavirus 3,human papillomavirus 61,FALSE,human papillomavirus 61,
alphapapillomavirus 4,human papillomavirus 2,FALSE,human papillomavirus 2,
alphapapillomavirus 5,human papillomavirus 26,FALSE,human papillomavirus 26,
alphapapillomavirus 6,human papillomavirus 53,FALSE,human papillomavirus 53,
alphapapillomavirus 7,human papillomavirus 18,FALSE,human papillomavirus 18,
alphapapillomavirus 8,human papillomavirus 7,FALSE,human papillomavirus 7,
alphapapillomavirus 9,human papillomavirus 16,FALSE,human papillomavirus 16,
amapari mammarenavirus,amapari virus;amapari mammarenavirus; amapari arenavirus,FALSE,amapari,
andes hantavirus,andes virus,FALSE,andes,
anopheles b orthobunyavirus,,FALSE,anopheles b,
aotine betaherpesvirus 1,herpesvirus aotus 1; aotine herpesvirus 1,FALSE,aotine herpesvirus 1,
apoi,,TRUE,apoi,
aquamavirus a,,FALSE,aquamavirus a,
aravan lyssavirus,aravan virus,FALSE,aravan,
aroa,,TRUE,aroa,
ateline alphaherpesvirus 1,"spider monkey herpesvirus; herpesvirus ateles 1 hva 1; ateline herpesvirus 1, etc.",FALSE,ateline herpesvirus 1,
ateline gammaherpesvirus 2,herpesvirus ateles; ateline herpesvirus 2,FALSE,ateline herpesvirus 2,
ateline gammaherpesvirus 3,ateline herpesvirus 3,FALSE,ateline herpesvirus 3,
australian bat lyssavirus,,TRUE,australian bat lyssavirus,
avastrovirus 2,,FALSE,avastrovirus 2,
avastrovirus 3,,FALSE,avastrovirus 3,
avian dependoparvovirus 1,,FALSE,avian dependoparvovirus 1,
avian orthoreovirus,avian reovirus,TRUE,avian orthoreovirus,
bagaza,,TRUE,bagaza,
bakau orthobunyavirus,,FALSE,bakau,
banna,coltivirus banna,TRUE,banna,
banzi,,TRUE,banzi,
barmah forest,,TRUE,barmah forest,
bat hepatitis,,FALSE,bat hepatitis,
bat mastadenovirus a,bat adenovirus a,FALSE,bat adenovirus a,
bat mastadenovirus b,bat adenovirus b,FALSE,bat adenovirus b,
bayou hantavirus,bayou virus,FALSE,bayou,
bear canyon mammarenavirus,bear canyon virus,FALSE,bear canyon,
bebaru,,TRUE,bebaru,
beluga whale coronavirus sw1,coronavirus sw1,TRUE,beluga whale coronavirus sw1,
benevides orthobunyavirus,,FALSE,benevides,
berrimah ephemerovirus,,FALSE,berrimah,
bertioga orthobunyavirus,,FALSE,bertioga,
betacoronavirus 1,,TRUE,betacoronavirus 1,
betapapillomavirus 1,human papillomavirus 5,FALSE,human papillomavirus 5,
betapapillomavirus 2,human papillomavirus 9,FALSE,human papillomavirus 9,
betapapillomavirus 3,human papillomavirus 49,FALSE,human papillomavirus 49,
betapapillomavirus 4,human papillomavirus 92,FALSE,human papillomavirus cand92,
betapapillomavirus 5,human papillomavirus 96,FALSE,human papillomavirus cand96,
betapapillomavirus 6,,FALSE,betapapillomavirus 6,
bimiti orthobunyavirus,,FALSE,bimiti,
black creek canal hantavirus,black creek canal virus,FALSE,black creek canal,
bluetongue,bluetongue virus btv; bluetongue virus group,TRUE,bluetongue,
bokeloh bat lyssavirus,,FALSE,bokeloh bat lyssavirus,
border disease,,TRUE,border disease,
bos taurus polyomavirus 1,bovine polyomavirus bpyv; polyomavirus bovis; bovine polyomavirus,FALSE,bovine polyomavirus,
bouboui,,TRUE,bouboui,
bovine alphaherpesvirus 1,"infectious bovine rhinotracheitis virus; bovine herpesvirus bhv-1; bovine rhinotracheitis virus, etc.",TRUE,bovine alphaherpesvirus 1,
bovine alphaherpesvirus 2,"bovine mammillitis virus; allerton virus; bovine herpesvirus 2, etc.",TRUE,bovine alphaherpesvirus 2,
bovine alphaherpesvirus 5,bovine encephalitis herpesvirus; bovine herpesvirus type 5; bovine herpesvirus 5,FALSE,bovine herpesvirus 5,
bovine atadenovirus d,bovine adenovirus d,FALSE,bovine adenovirus d,
bovine fever ephemerovirus,bovine ephemeral fever virus befv,FALSE,bovine ephemeral fever,
bovine foamy,bovine syncytial virus,TRUE,bovine foamy,
bovine gammaherpesvirus 4,"bhv-4; bovine cytomegalovirus bhv-4; bovine herpesvirus 4, etc.",FALSE,bovine herpesvirus 4,
bovine gammaherpesvirus 6,bovine herpesvirus 6,FALSE,bovine herpesvirus 6,
bovine immunodeficiency,bovine immunodeficiency-like virus,TRUE,bovine immunodeficiency,
bovine leukemia,bovine leukemia virus blv,TRUE,bovine leukemia,
bovine mastadenovirus a,bovine adenovirus a,FALSE,bovine adenovirus a,
bovine mastadenovirus b,bovine adenovirus b,FALSE,bovine adenovirus b,
bovine mastadenovirus c,bovine adenovirus c,FALSE,bovine adenovirus c,
bovine papular stomatitis,,TRUE,bovine papular stomatitis,
bovine parainfluenza virus 3,bovine parainfluenza virus type 3; bovine parainfluenza 3 virus,TRUE,bovine parainfluenza virus 3,
bovine respiratory syncytial,brs; bovine respiratory syncytial virus brsv; bovine rsv,TRUE,bovine respiratory syncytial,
bovine rhinitis a,,FALSE,bovine rhinitis a,
bovine rhinitis b,bovine rhinovirus type 2; bovine rhinovirus 2,TRUE,bovine rhinitis b,
bovine torovirus,,TRUE,bovine torovirus,
bovine viral diarrhea virus 1,"pestivirus type 1; mucosal disease virus; bovine viral diarrhea virus, etc.",TRUE,bovine viral diarrhea virus 1,
bovine viral diarrhea virus 2,"pestivirus type 4; bovine viral diarrhea virus type ii; bovine viral diarrhea virus-2, etc.",TRUE,bovine viral diarrhea virus 2,
bubaline alphaherpesvirus 1,bubaline herpesvirus 1,FALSE,bubaline herpesvirus 1,
bujaru phlebovirus,,FALSE,bujaru,
bukalasa bat,,TRUE,bukalasa bat,
bundibugyo ebolavirus,bundibugyo virus; ebolavirus bundibugyo,FALSE,bundibugyo ebolavirus,
bunyamwera orthobunyavirus,bunyamwera virus,FALSE,bunyamwera,
bushbush orthobunyavirus,,FALSE,bushbush,
bwamba orthobunyavirus,bwamba virus; bwamba bunyavirus group; 5-bwamba virus group,FALSE,bwamba,
cabassou,,TRUE,cabassou,
cacipacore,,TRUE,cacipacore,
california encephalitis orthobunyavirus,california encephalitis virus,FALSE,california encephalitis,
callitrichine gammaherpesvirus 3,calhv-3; marmoset lymphocryptovirus; callitrichine herpesvirus 3,FALSE,callitrichine herpesvirus 3,
camelpox,,TRUE,camelpox,
candiru phlebovirus,,FALSE,candiru,
canid alphaherpesvirus 1,"canine herpesvirus 1; canid herpesvirus 1; canine herpesvirus chv, etc.",FALSE,canid herpesvirus 1,
canine distemper,canine distemper virus cdv,TRUE,canine distemper,
canine mastadenovirus a,canine adenovirus a; canine adenovirus,TRUE,canine mastadenovirus a,
cano delgadito hantavirus,cano delgadito virus,FALSE,cano delgadito,
capim orthobunyavirus,,FALSE,capim,
caprine alphaherpesvirus 1,caprine herpesvirus type 1; caprine herpesvirus 1,FALSE,caprine herpesvirus 1,
caprine arthritis encephalitis,caprine arthritis-encephalitis virus; caprine arthritis encephalitis virus caev,TRUE,caprine arthritis encephalitis,
caprine gammaherpesvirus 2,cphv-2; caprine herpesvirus 2,FALSE,caprine herpesvirus 2,
carajas vesiculovirus,carajas virus,FALSE,carajas,
caraparu orthobunyavirus,caraparu virus,FALSE,caraparu,
cardiovirus a,encephalomyocarditis virus,TRUE,cardiovirus a,
cardiovirus b,,FALSE,cardiovirus b,
cardiovirus c,,FALSE,cardiovirus c,
carey island,,TRUE,carey island,
carnivore amdoparvovirus 1,,TRUE,carnivore amdoparvovirus 1,
carnivore amdoparvovirus 2,,FALSE,carnivore amdoparvovirus 2,
carnivore bocaparvovirus 3,,FALSE,carnivore bocaparvovirus 3,
carnivore protoparvovirus 1,,TRUE,carnivore protoparvovirus 1,
catu orthobunyavirus,catu virus,FALSE,catu,
caviid betaherpesvirus 2,guinea pig cytomegalovirus; caviid herpesvirus 2,FALSE,caviid herpesvirus 2,
cercopithecine alphaherpesvirus 2,"cehv-2; simian herpesvirus sa8; herpes virus simian agent 8, etc.",FALSE,cercopithecine herpesvirus 2,
cercopithecine alphaherpesvirus 9,"simian varicella virus;   cercopithecid herpesvirus 9; simian varicella virus svv, etc.",FALSE,cercopithecine herpesvirus 9,
cercopithecine betaherpesvirus 5,"cehv-5; simian cytomegalovirus (strain colburn); african green monkey cytomegalovirus, etc.",FALSE,cercopithecine herpesvirus 5,
cervid alphaherpesvirus 1,cervine herpesvirus type 1; cervid herpesvirus 1,FALSE,cervid herpesvirus 1,
cetacean morbillivirus,cetacean morbillivirus virus,TRUE,cetacean morbillivirus,
chandipura vesiculovirus,chandipura virus,FALSE,chandipura,
changuinola,changuinola virus group,TRUE,changuinola,
chapare mammarenavirus,chapare virus,FALSE,chapare,
chenuda,chenuda complex,FALSE,chenuda,
chikungunya,,TRUE,chikungunya,
chiropteran dependoparvovirus 1,,FALSE,chiropteran dependoparvovirus 1,
chiropteran tetraparvovirus 1,,FALSE,chiropteran tetraparvovirus 1,
chobar gorge,,TRUE,chobar gorge,
classical swine fever,pestivirus type 2; hog cholera virus; swine fever virus,TRUE,classical swine fever,
coastal plains tibrovirus,coastal plains virus,FALSE,coastal plains,
cocal vesiculovirus,cocal virus,FALSE,cocal,
colorado tick fever,,TRUE,colorado tick fever,
corriparta,corriparta virus group,TRUE,corriparta,
cosavirus a,,FALSE,cosavirus a,
cowbone ridge,,TRUE,cowbone ridge,
cowpox,,TRUE,cowpox,
cricetid gammaherpesvirus 2,rhvp; rodent herpesvirus peru; cricetid herpesvirus 2,FALSE,cricetid herpesvirus,
crimean-congo hemorrhagic fever nairovirus,crimean-congo hemorrhagic virus; crimean-congo hemorrhagic fever virus; crimean-congo haemorrhagic fever virus,FALSE,crimean-congo hemorrhagic fever,
cupixi mammarenavirus,cupixi virus,FALSE,cupixi,
dakar bat,,TRUE,dakar bat,
deltapapillomavirus 1,eepv; european elk papillomavirus; alces alces papillomavirus 1,FALSE,european elk papillomavirus,
deltapapillomavirus 2,deer papillomavirus,FALSE,deer papillomavirus,
deltapapillomavirus 3,ovis aries papillomavirus 1; ovine papillomavirus 1,FALSE,ovine papillomavirus 1,
deltapapillomavirus 4,bovine papillomavirus 1,FALSE,bovine papillomavirus 1,
deltapapillomavirus 5,,FALSE,deltapapillomavirus 5,
deltapapillomavirus 6,,FALSE,deltapapillomavirus 6,
dengue,,TRUE,dengue,
dhori,tick-borne virus,TRUE,dhori,
dobrava-belgrade hantavirus,dobravavirus; dobrava-belgrade virus; dobrava virus,FALSE,dobrava-belgrade,
dugbe nairovirus,dugbe virus,FALSE,dugbe,
duvenhage lyssavirus,duvenhage virus,FALSE,duvenhage,
dyodeltapapillomavirus 1,,FALSE,dyodeltapapillomavirus 1,
dyoetapapillomavirus 1,,FALSE,dyoetapapillomavirus 1,
dyoiotapapillomavirus 1,,FALSE,dyoiotapapillomavirus 1,
dyoiotapapillomavirus 2,,FALSE,dyoiotapapillomavirus 2,
dyokappapapillomavirus 1,,FALSE,dyokappapapillomavirus 1,
dyolambdapapillomavirus 1,,FALSE,dyolambdapapillomavirus 1,
dyonupapillomavirus 1,,FALSE,dyonupapillomavirus 1,
dyoomikronpapillomavirus 1,,FALSE,dyoomikronpapillomavirus 1,
dyopipapillomavirus 1,,FALSE,dyopipapillomavirus 1,
dyorhopapillomavirus 1,,FALSE,dyorhopapillomavirus 1,
dyosigmapapillomavirus 1,,FALSE,dyosigmapapillomavirus 1,
dyothetapapillomavirus 1,,FALSE,dyothetapapillomavirus 1,
dyoxipapillomavirus 1,,FALSE,dyoxipapillomavirus 1,
eastern equine encephalitis,eastern equine encephalomyelitis virus eeev; eastern equine encephalomyelitis eee; eastern equine encephalomyelitis virus,TRUE,eastern equine encephalitis,
ectromelia,mousepox virus; mousepox; ectromelia mousepox virus,TRUE,ectromelia,
edge hill,,FALSE,edge hill,
el moro canyon hantavirus,"hmv-1; reithrodontomys megalotis hantavirus; el moro canyon hantavirus (elmc), etc.",FALSE,el moro canyon,
elephantid betaherpesvirus 1,elephantid herpesvirus 1; elephant herpesvirus 1,FALSE,elephantid herpesvirus 1,
entebbe bat,,TRUE,entebbe bat,
enterovirus a,"human enterovirus a; human coxsackievirus a; enterovirus ev-a, etc.",TRUE,enterovirus a,
enterovirus b,human enterovirus b; enterovirus ev-b,TRUE,enterovirus b,
enterovirus c,poliovirus; human enterovirus c; enterovirus ev-c,TRUE,enterovirus c,
enterovirus d,human enterovirus d; enterovirus ev-d,TRUE,enterovirus d,
enterovirus e,bev; bovine enterovirus,FALSE,bovine enterovirus,
enterovirus f,,FALSE,enterovirus f,
enterovirus g,porcine enterovirus b,FALSE,porcine enterovirus b,
enterovirus h,simian enterovirus a; human enterovirus e,FALSE,simian enterovirus a,
enterovirus j,,FALSE,enterovirus j,
epizootic hemorrhagic disease,"epizootic hemorrhagic disease virus group; epizootic haemorrhagic disease virus; epizootic haemorrhagic disease virus ehdv-1, etc.",TRUE,epizootic hemorrhagic disease,
epsilonpapillomavirus 1,bovine papillomavirus 5; bovine papillomavirus type 5,FALSE,bovine papillomavirus 5,
equid alphaherpesvirus 1,"equine herpesvirus type-1; equine abortion virus; equine herpesvirus type 1, etc.",FALSE,equid herpesvirus 1,
equid alphaherpesvirus 3,equine herpesvirus 3; equine coital exanthema virus; equid herpesvirus 3,FALSE,equid herpesvirus 3,
equid alphaherpesvirus 4,"equine herpesvirus 4; equine rhinopneumonitis virus; equid herpesvirus 4, etc.",FALSE,equid herpesvirus 4,
equid alphaherpesvirus 8,ahv3; asinine herpesvirus 3; equine herpesvirus 8,FALSE,equid herpesvirus 8,
equid alphaherpesvirus 9,gazelle herpesvirus 1; equine herpesvirus 9; equid herpesvirus 9,FALSE,equid herpesvirus 9,
equid gammaherpesvirus 2,"ehv-2; equine herpesvirus 2; equine cytomegalovirus, etc.",FALSE,equid herpesvirus 2,
equid gammaherpesvirus 5,"ehv-5; equine herpesvirus 5; equid herpesvirus 5, etc.",FALSE,equid herpesvirus 5,
equid gammaherpesvirus 7,ehv-7; equid herpesvirus 7; asinine herpesvirus 2,FALSE,equid herpesvirus 7,
equine arteritis,,TRUE,equine arteritis,
equine encephalosis,equine encephalosis virus group; equine encephalosis virus (eev),TRUE,equine encephalosis,
equine foamy,,TRUE,equine foamy,
equine infectious anemia,equine infectious anemia virus eiav,TRUE,equine infectious anemia,
equine mastadenovirus a,equine adenovirus a,FALSE,equine adenovirus a,
equine mastadenovirus b,equine adenovirus b,FALSE,equine adenovirus b,
equine rhinitis a,,TRUE,equine rhinitis a,
equine torovirus,,TRUE,equine torovirus,
erbovirus a,equine rhinitis b virus,FALSE,equine rhinitis b,
eubenangee,eubenangee virus group,TRUE,eubenangee,
european bat 1 lyssavirus,"european bat lyssavirus 1; european bat virus 1; european bat lyssavirus type 1, etc.",FALSE,european bat lyssavirus 1,
european bat 2 lyssavirus,european bat lyssavirus 2; european bat virus 2; european bat lyssavirus type 2,FALSE,european bat lyssavirus 2,
european brown hare syndrome,,TRUE,european brown hare syndrome,
everglades,,TRUE,everglades,
eyach,,TRUE,eyach,
felid alphaherpesvirus 1,"feline herpesvirus 1; feline herpesvirus-1 fhv-1; felid herpesvirus 1, etc.",FALSE,felid herpesvirus 1,
feline calicivirus,feline calicivirus fcv,TRUE,feline calicivirus,
feline foamy,feline syncytial virus,TRUE,feline foamy,
feline immunodeficiency,feline immunodeficiency virus fiv,TRUE,feline immunodeficiency,
feline leukemia,feline leukemia virus felv; feline leukemia provirus,TRUE,feline leukemia,
finkel-biskis-jinkins murine sarcoma,,FALSE,finkel-biskis-jinkins murine sarcoma,
flexal mammarenavirus,flexal virus; flexal arenavirus,FALSE,flexal,
foot-and-mouth disease,foot and mouth disease virus; foot-and-mouth disease virus fmdv; foot and mouth disease virus fmdv,TRUE,foot-and-mouth disease,
fort morgan,,TRUE,fort morgan,
gadgets gully,,FALSE,gadgets gully,
gallid alphaherpesvirus 2,"gahv-2; marek's disease virus type 1; gallid herpesvirus 2, etc.",FALSE,gallid herpesvirus 2,
gammapapillomavirus 1,,FALSE,gammapapillomavirus 1,
gammapapillomavirus 10,,FALSE,gammapapillomavirus 10,
gammapapillomavirus 11,human papillomavirus 126-like viruses,FALSE,gammapapillomavirus 11,
gammapapillomavirus 12,,FALSE,gammapapillomavirus 12,
gammapapillomavirus 13,,FALSE,gammapapillomavirus 13,
gammapapillomavirus 14,,FALSE,gammapapillomavirus 14,
gammapapillomavirus 15,,FALSE,gammapapillomavirus 15,
gammapapillomavirus 16,,FALSE,gammapapillomavirus 16,
gammapapillomavirus 17,,FALSE,gammapapillomavirus 17,
gammapapillomavirus 18,,FALSE,gammapapillomavirus 18,
gammapapillomavirus 19,,FALSE,gammapapillomavirus 19,
gammapapillomavirus 2,,FALSE,gammapapillomavirus 2,
gammapapillomavirus 20,,FALSE,gammapapillomavirus 20,
gammapapillomavirus 3,human papillomavirus 50,FALSE,human papillomavirus 50,
gammapapillomavirus 4,human papillomavirus 60,FALSE,human papillomavirus 60,
gammapapillomavirus 5,human papillomavirus 88,FALSE,human papillomavirus 88,
gammapapillomavirus 6,,FALSE,gammapapillomavirus 6,
gammapapillomavirus 7,,FALSE,gammapapillomavirus 7,
gammapapillomavirus 8,,FALSE,gammapapillomavirus 8,
gammapapillomavirus 9,,FALSE,gammapapillomavirus 9,
gardner-arnstein feline sarcoma,feline sarcoma virus gardner-arnstein; feline sarcoma virus (strain ga),FALSE,feline sarcoma,all feline sarcomas here are set to same - could be relaxed
getah,,TRUE,getah,
gibbon ape leukemia,gibbon leukemia virus,TRUE,gibbon ape leukemia,
goatpox,,TRUE,goatpox,
gorilline gammaherpesvirus 1,"pongine herpesvirus 3; herpesvirus gorilla; gorilline herpesvirus 1, etc.",FALSE,pongine herpesvirus 3,
great island,,TRUE,great island,
ground squirrel hepatitis,ground squirrel hepatitis b virus,TRUE,ground squirrel hepatitis,
guajara orthobunyavirus,guajar orthobunyavirus,FALSE,guajara,
guama orthobunyavirus,guam orthobunyavirus; guama virus,FALSE,guama,
guanarito mammarenavirus,guanarito virus; guanarito arenavirus,FALSE,guanarito,
guaroa orthobunyavirus,guaroa virus,FALSE,guaroa,
guinea pig type-c oncovirus,,TRUE,guinea pig type-c oncovirus,
hantaan hantavirus,korean hemorrhagic fever virus; hantaan virus,FALSE,hantaan,
hardy-zuckerman feline sarcoma,,FALSE,feline sarcoma,all feline sarcomas here are set to same - could be relaxed
hare fibroma,,TRUE,hare fibroma,
harvey murine sarcoma,,FALSE,harvey murine sarcoma,
hendra,equine morbillivirus,TRUE,hendra,
hepatitis b,"human hepatitis b virus; hepatitis b virus hbv; human hepatitis b virus hbv, etc.",TRUE,hepatitis b,
hepatitis c,post-transfusion hepatitis non a non b virus; human hepatitis c virus; hepatitis c virus hcv,TRUE,hepatitis c,
hepatitis delta,hepatitis delta virus hdv; hepatitis d virus,TRUE,hepatitis delta,
hepatovirus a,hepatitis a virus,TRUE,hepatovirus a,
highlands j,,TRUE,highlands j,
hippotragine gammaherpesvirus 1,roan antelope herpesvirus; hippotragine herpesvirus 1; hippotragine herpesvirus-1,FALSE,hippotragine herpesvirus 1,
hughes nairovirus,hughes virus,FALSE,hughes,
human alphaherpesvirus 1,"hsv1; herpes simplex virus type 1; human herpesvirus 1, etc.",FALSE,human herpesvirus 1,
human alphaherpesvirus 2,"hsv2; herpes simplex virus 2; human herpesvirus 2, etc.",FALSE,human herpesvirus 2,
human alphaherpesvirus 3,vzv; varicella-zoster virus; human herpesvirus 3; etc.,FALSE,human herpesvirus 3,
human betaherpesvirus 5,hhv-5; human cytomegalovirus; human herpesvirus 5 ,FALSE,human herpesvirus 5,
human betaherpesvirus 6a,human herpesvirus 6a,FALSE,human herpesvirus 6,not split into A and B in other datasets
human betaherpesvirus 6b,human herpesvirus 6b; human herpesvirus 6 type b,FALSE,human herpesvirus 6,not split into A and B in other datasets
human betaherpesvirus 7,hhv-7; herpes simplex virus 7; human herpesvirus 7,FALSE,human herpesvirus 7,
human coronavirus 229e,"human coronavirus strain 229e; coronavirus 229e; human coronavirus serogroup 229e, etc.",TRUE,human coronavirus 229e,
human coronavirus hku1,human cov/hku1; cov-hku1,FALSE,human coronavirus hku1,
human coronavirus nl63,human coronavirus nl; coronavirus nl63,FALSE,human coronavirus nl63,
human gammaherpesvirus 4,"hhv-4; epstein barr virus; human herpesvirus 4, etc.",TRUE,human gammaherpesvirus 4,
human gammaherpesvirus 8,"kshv; kaposi's sarcoma-associated herpesvirus; human herpesvirus 8, etc.",TRUE,human gammaherpesvirus 8,
human immunodeficiency virus 1,hiv; human immunodeficiency virus type-1 hiv-1; human immunodeficiency virus hiv-1,TRUE,human immunodeficiency virus 1,
human immunodeficiency virus 2,"hiv2; human immunodeficiency virus-2; human immunodeficiency virus type 2, etc.",TRUE,human immunodeficiency virus 2,
human mastadenovirus a,human adenovirus a,TRUE,human mastadenovirus a,
human mastadenovirus b,human adenovirus b,TRUE,human mastadenovirus b,
human mastadenovirus c,human adenovirus c,TRUE,human mastadenovirus c,
human mastadenovirus d,human adenovirus d,TRUE,human mastadenovirus d,
human mastadenovirus e,human adenovirus e,TRUE,human mastadenovirus e,
human mastadenovirus f,human adenovirus f,TRUE,human mastadenovirus f,
human mastadenovirus g,human adenovirus g,FALSE,human mastadenovirus g,
human metapneumovirus,hmpv,TRUE,human metapneumovirus,
human parainfluenza virus 1,"hpiv1; parainfluenza virus type 1; human parainfluenza 1 virus, etc.",TRUE,human parainfluenza virus 1,
human parainfluenza virus 2,"hpiv2; piv-2; parainfluenza virus type 2, etc.",TRUE,human parainfluenza virus 2,
human parainfluenza virus 3,"hpiv3; parainfluenza virus type 3; human parainfluenza 3 virus, etc.",TRUE,human parainfluenza virus 3,
human parainfluenza virus 4,hpiv type 4; parainfluenza virus type 4; human parainfluenza virus type 4,TRUE,human parainfluenza virus 4,
human picobirnavirus,,TRUE,human picobirnavirus,
human polyomavirus 1,"polyomavirus bk; polyomavirus hominis 1; human polyomavirus bkv, etc.",FALSE,human polyomavirus,"both listed as just ""human polyomavirus"" in other datasets"
human polyomavirus 2,,FALSE,human polyomavirus,"both listed as just ""human polyomavirus"" in other datasets"
human respiratory syncytial,human rsv,TRUE,human respiratory syncytial,
human torovirus,,TRUE,human torovirus,
hunnivirus a,,FALSE,hunnivirus a,
ikoma lyssavirus,serengeti lyssavirus,FALSE,ikoma lyssavirus,
ilheus,,TRUE,ilheus,
indiana vesiculovirus,vesicular stomatitis indiana virus,TRUE,indiana vesiculovirus,
influenza a,influenza virus type a; human influenza a virus,TRUE,influenza a,
influenza b,influenza virus type b,TRUE,influenza b,
influenza c,influenza virus type c; influenza c viruses,TRUE,influenza c,
iotapapillomavirus 1,praomys natalensis papillomavirus; multimammate rat papillomavirus; mastomys natalensis papillomavirus,FALSE,mastomys natalensis papillomavirus,
ippy mammarenavirus,ippy virus,FALSE,ippy,
irkut lyssavirus,irkut virus,FALSE,irkut,
isfahan vesiculovirus,isfahan virus,FALSE,isfahan,
isla vista hantavirus,isla vista virus (ilv); isla vista virus,FALSE,isla vista,
jaagsiekte sheep retrovirus,"jaagsiekte virus; sheep pulmonary adenomatosis virus; ovine pulmonary adenocarcinoma virus, etc.",TRUE,jaagsiekte sheep retrovirus,
japanese encephalitis,japanese encephalitis virus jev; japanese encephalitis virus je; japanese encephalitis (je) virus,TRUE,japanese encephalitis,
jugra,,TRUE,jugra,
junin mammarenavirus,junn mammarenavirus; junin virus; junin arenavirus,FALSE,junin,
jutiapa,,TRUE,jutiapa,
kadam,,FALSE,kadam,
kaeng khoi orthobunyavirus,,FALSE,kaeng khoi,
kairi orthobunyavirus,,FALSE,kairi,
kappapapillomavirus 1,ropv; rabbit oral papillomavirus,FALSE,rabbit oral papillomavirus,
kappapapillomavirus 2,"rabbit papillomavirus; cottontail rabbit papillomavirus; papillomavirus sylvilagi, etc.",FALSE,cottontail rabbit papillomavirus,
kedougou,,FALSE,kedougou,
khabarovsk hantavirus,khav; khabarovsk virus,FALSE,khabarovsk,
khujand lyssavirus,khujand virus,FALSE,khujand,
kirsten murine sarcoma,,FALSE,kirsten murine sarcoma,
kokobera,,TRUE,kokobera,
kotonkan ephemerovirus,,FALSE,kotonkan,
koutango,,TRUE,koutango,
kyasanur forest disease,,TRUE,kyasanur forest disease,
lactate dehydrogenase-elevating,lactate dehydrogenase-elevating virus ldv; lactic dehydrogenase virus,TRUE,lactate dehydrogenase-elevating,
lagos bat lyssavirus,lagos bat virus,FALSE,lagos bat,
laguna negra hantavirus,laguna negra virus,FALSE,laguna negra,
lambdapapillomavirus 1,feline papillomavirus,FALSE,feline papillomavirus,
lambdapapillomavirus 4,,FALSE,lambdapapillomavirus 4,
lambdapapillomavirus 5,,FALSE,lambdapapillomavirus 5,
langur,,TRUE,langur,
lassa mammarenavirus,lassa virus,FALSE,lassa,
latino mammarenavirus,latino virus; latino arenavirus,FALSE,latino,
lebombo,lebombo virus group,TRUE,lebombo,
leporid alphaherpesvirus 4,leporid herpesvirus 4,FALSE,leporid herpesvirus 4,
lloviu cuevavirus,lloviu virus,FALSE,lloviu,
louping ill,li,TRUE,louping ill,
lujo mammarenavirus,lujo virus,FALSE,lujo,
lumpy skin disease,,TRUE,lumpy skin disease,
luna mammarenavirus,luna virus,FALSE,luna,
lymphocytic choriomeningitis mammarenavirus,lymphocytic choriomeningitis virus lcmv; lymphocytic choriomeningitis virus,FALSE,lymphocytic choriomeningitis,
m'poko orthobunyavirus,,FALSE,m'poko,
macaca mulatta polyomavirus 1,"rhesus polyomavirus; simian virus 40; rhesus macaque polyomavirus, etc.",TRUE,macaca mulatta polyomavirus 1,
macacine alphaherpesvirus 1,cehv-1; b virus; cercopithecine herpesvirus 1; etc.,FALSE,macacine herpesvirus 1,
macacine betaherpesvirus 3,"cehv-8; rhesus monkey cytomegalovirus; macacine herpesvirus 3, etc.",FALSE,macacine herpesvirus 3,
macacine gammaherpesvirus 4,"rhesus lymphocryptovirus; rhesus epstein barr virus; cercopithicine herpesvirus 15, etc.",FALSE,macacine herpesvirus 4,
macacine gammaherpesvirus 5,"cehv-17; rhesus rhadinovirus; cercopithecine herpesvirus 17, etc.",FALSE,macacine herpesvirus 5,
macaque simian foamy,"simian foamy virus type 1; simian foamy virus 1; sfv-1, etc.",TRUE,macaque simian foamy,
machupo mammarenavirus,machupo virus,FALSE,machupo,
macropodid alphaherpesvirus 1,"mhv-1; parma wallaby herpesvirus; macropodid herpesvirus 1, etc.",FALSE,macropodid herpesvirus 1,
macropodid alphaherpesvirus 2,dorcopsis wallaby herpesvirus; macropodid herpesvirus 2; macropodid herpesvirus type 2,FALSE,macropodid herpesvirus 2,
madariaga,,FALSE,madariaga,
madrid orthobunyavirus,madrid virus,FALSE,madrid,
main drain orthobunyavirus,,FALSE,main drain virus,
mamastrovirus 1,,TRUE,mamastrovirus 1,
mamastrovirus 10,mink astrovirus,FALSE,mink astrovirus,
mamastrovirus 11,,FALSE,mamastrovirus 11,
mamastrovirus 12,,FALSE,mamastrovirus 12,
mamastrovirus 13,sheep astrovirus; ovine astrovirus,FALSE,ovine astrovirus,
mamastrovirus 14,,FALSE,mamastrovirus 14,
mamastrovirus 15,,FALSE,mamastrovirus 15,
mamastrovirus 16,,FALSE,mamastrovirus 16,
mamastrovirus 17,,FALSE,mamastrovirus 17,
mamastrovirus 18,,FALSE,mamastrovirus 18,
mamastrovirus 19,,FALSE,mamastrovirus 19,
mamastrovirus 2,feline astrovirus,FALSE,feline astrovirus,
mamastrovirus 3,porcine astrovirus,FALSE,porcine astrovirus,
mamastrovirus 4,mamastrovirus 4,FALSE,mamastrovirus 4,
mamastrovirus 6,mamastrovirus 6,FALSE,mamastrovirus 6,
mamastrovirus 8,mamastrovirus 8,FALSE,mamastrovirus 8,
mamastrovirus 9,mamastrovirus 9,FALSE,mamastrovirus 9,
mammalian 1 bornavirus,borna disease,FALSE,borna disease,
mammalian orthoreovirus,,TRUE,mammalian orthoreovirus,
manzanilla orthobunyavirus,,FALSE,manzanilla,
mapuera,,TRUE,mapuera,
maraba vesiculovirus,maraba virus,FALSE,maraba,
marburg marburgvirus,mbg; lake victoria marburgvirus; marburg virus mbg,FALSE,marburg,
marituba orthobunyavirus,marituba virus,FALSE,marituba,
mason-pfizer monkey,simian mason-pfizer virus; simian mason-pfizer type d retrovirus; simian mason-pfizer d-type retrovirus sm-pdt,TRUE,mason-pfizer monkey,
mayaro,,TRUE,mayaro,
measles,"subacute sclerosing panencephalitis virus; rubeola virus; rougeole virus, etc.",TRUE,measles,
merino walk mammarenavirus,merino walk virus,FALSE,merino walk,
mesocricetus auratus polyomavirus 1,hapyv; hamster polyomavirus,FALSE,hamster polyomavirus,
middelburg,middleburg virus,TRUE,middelburg,
minatitlan orthobunyavirus,,FALSE,minatitlan,
miniopterus bat coronavirus 1,bat coronavirus strain 61,FALSE,miniopterus bat coronavirus 1,
miniopterus bat coronavirus hku8,bat coronavirus hku8,FALSE,miniopterus bat coronavirus hku8,
mischivirus a,,FALSE,mischivirus a,
mobala mammarenavirus,mobala virus,FALSE,mobala,
modoc,,TRUE,modoc,
mokola lyssavirus,mokola virus,FALSE,mokola,
molluscum contagiosum,mocv,TRUE,molluscum contagiosum,
moloney murine sarcoma,murine sarcoma virus; moloney murine sarcoma virus musv,TRUE,moloney murine sarcoma,
monkeypox,monkey pox virus,TRUE,monkeypox,
montana myotis leukoencephalitis,,TRUE,montana myotis leukoencephalitis,
mopeia mammarenavirus,mopeia virus,FALSE,mopeia,
mosavirus a,,FALSE,mosavirus a,
mosso das pedras,,FALSE,mosso das pedras virus 78v3531,
mouse mammary tumor,"murine mammary tumor provirus mmtv; mouse mammary tumor virus mtv; mouse mammary tumor virus mtv, etc.",TRUE,mouse mammary tumor,
mucambo,,TRUE,mucambo,
mule deerpox,odocoileus hemionus poxvirus; mule deer poxvirus; deerpox virus,FALSE,deerpox virus w-848-83,
muleshoe hantavirus,muleshoe virus,FALSE,muleshoe,
mumps,,TRUE,mumps,
mupapillomavirus 1,human papillomavirus 1,FALSE,human papillomavirus 1,
mupapillomavirus 2,human papillomavirus 63,FALSE,human papillomavirus 63,
murid betaherpesvirus 1,"murine cytomegalovirus; murid herpesvirus 1; murine cytomegalovirus mcmv, etc.",FALSE,murid herpesvirus 1,
murid betaherpesvirus 2,rat cytomegalovirus; murid herpesvirus 2,FALSE,murid herpesvirus 2,
murid betaherpesvirus 8,murid herpesvirus 8,FALSE,murid herpesvirus 8,
murid gammaherpesvirus 4,"muhv-4; murine herpesvirus 68; murid herpesvirus 4, etc.",FALSE,murid herpesvirus 4,
murid gammaherpesvirus 7,,FALSE,murid herpesvirus 7,
murine coronavirus,,TRUE,murine coronavirus,
murine leukemia,mlv; murine leukemia virus mulv; murine leukemia virus mlv,TRUE,murine leukemia,
murine mastadenovirus a,murine adenovirus a,FALSE,murine adenovirus a,
murine mastadenovirus b,murine adenovirus b,FALSE,murine adenovirus b,
murine mastadenovirus c,murine adenovirus c,FALSE,murine adenovirus c,
murine pneumonia,pneumonia virus of mice pvm; pneumonia virus of mice,TRUE,murine pneumonia,
murray valley encephalitis,,TRUE,murray valley encephalitis,
mus musculus polyomavirus 1,mouse polyomavirus; polyomavirus muris; murine polyomavirus,FALSE,murine polyomavirus,
mus musculus polyomavirus 2,murine pneumotropic virus; kilham strain of polyomavirus,FALSE,murine pneumotropic,
mustelid gammaherpesvirus 1,mustelid herpesvirus 1; badger herpesvirus,FALSE,mustelid herpesvirus 1,
myxoma,myxoma virus myx,TRUE,myxoma,
ndumu,,TRUE,ndumu,
nelson bay orthoreovirus,nelson bay reovirus; nelson bay virus,TRUE,nelson bay orthoreovirus,
new jersey vesiculovirus,vesicular stomatitis new jersey virus,TRUE,new jersey vesiculovirus,
new york hantavirus,new york virus,FALSE,new york-1,
newbury-1,,TRUE,newbury-1,
newcastle disease,avian paramyxovirus 1; avian paramyxovirus type 1; avian paramyxovirus serotype i,TRUE,newcastle disease,
ngaingan,,FALSE,ngaingan,
nipah,,TRUE,nipah,
nodamura,,FALSE,nodamura,
norwalk,norwalk virus nv; norwalk calicivirus,TRUE,norwalk,
ntaya,,TRUE,ntaya,
nupapillomavirus 1,human papillomavirus 41,FALSE,human papillomavirus 41,
nyando orthobunyavirus,nyando virus,FALSE,nyando,
o'nyong-nyong,onn,TRUE,o'nyong-nyong,
oliveros mammarenavirus,oliveros virus; oliveros arenavirus,FALSE,oliveros,
omegapapillomavirus 1,,FALSE,omegapapillomavirus 1,
omikronpapillomavirus 1,phocoena spinipinnis papillomavirus,FALSE,phocoena spinipinnis papillomavirus,
omsk hemorrhagic fever,omsk haemorrhagic fever virus ohf; omsk haemorrhagic fever virus,FALSE,omsk,
orf,contagious pustular dermatitis virus,TRUE,orf,
oriboca orthobunyavirus,oriboca virus,FALSE,oriboca,
oropouche orthobunyavirus,oropouche virus,FALSE,oropouche,
orthohepevirus a,,TRUE,orthohepevirus a,
orthohepevirus c,,FALSE,orthohepevirus c,
orthohepevirus d,,FALSE,orthohepevirus d,
orungo,orungo virus group,TRUE,orungo,
ovine atadenovirus d,ovine adenovirus d,FALSE,ovine adenovirus d,
ovine gammaherpesvirus 2,"ovhv-2; sheep-associated malignant catarrhal fever virus; ovine herpesvirus 2, etc.",FALSE,ovine herpesvirus 2,
ovine mastadenovirus a,ovine adenovirus a,FALSE,ovine adenovirus a,
ovine mastadenovirus b,ovine adenovirus b,FALSE,ovine adenovirus b,
palyam,palyam virus group,TRUE,palyam,
panine betaherpesvirus 2,"pohv-4; chimpanzee cytomegalovirus; pongine herpesvirus 4, etc.",FALSE,pongine herpesvirus 4,
panine gammaherpesvirus 1,pongine herpesvirus 1; panine herpesvirus 1; herpesvirus pan,FALSE,panine herpesvirus 1,
papiine alphaherpesvirus 2,"cehv-16;   herpesvirus papio 2; baboon herpesvirus 2, etc.",FALSE,papiine herpesvirus 2,
papiine betaherpesvirus 3,,FALSE,papiine herpesvirus 1,
papiine gammaherpesvirus 1,"herpesvirus papio hvp; papiine herpesvirus 1; cercopithecine herpesvirus 12, etc.",FALSE,papiine herpesvirus 1,
parainfluenza virus 5,"sv5; simian paramyxovirus sv5; simian virus 5, etc.",TRUE,parainfluenza virus 5,
parana mammarenavirus,parana virus; parana arenavirus; paran mammarenavirus,FALSE,parana,
parapoxvirus of red deer in new zealand,red deer parapoxvirus,FALSE,red deer parapoxvirus new zealand,
parechovirus a,human parechovirus,FALSE,human parechovirus,
parechovirus b,ljungan virus,FALSE,ljungan,
pasivirus a,,FALSE,pasivirus a,
patois orthobunyavirus,,FALSE,patois,
pegivirus a,gbv-a; hepatitis gb virus a; gb virus a,FALSE,gb virus a,
pegivirus b,gb virus d,FALSE,gb virus d,
peruvian horse sickness,,TRUE,peruvian horse sickness,
peste-des-petits-ruminants,pseudorinderpest virus; peste-des-petits-ruminants,TRUE,peste-des-petits-ruminants,
phipapillomavirus 1,,FALSE,phipapillomavirus 1,
phnom penh bat,phnom-penh bat virus,TRUE,phnom penh bat,
phocid alphaherpesvirus 1,"phhv-1; phocid herpesvirus 1; phocine herpesvirus type 1, etc.",FALSE,phocid herpesvirus 1,
phocid gammaherpesvirus 2,p0hv-2; phocid herpesvirus 2,FALSE,phocid herpesvirus 2,
phocine distemper,phocine distemper virus pdv; phocid distemper virus pdv; phocid distemper virus,TRUE,phocine distemper,
pichinde mammarenavirus,pichinde virus; pichinde arenavirus; pichind mammarenavirus,FALSE,pichinde,
pinniped bocaparvovirus 1,,FALSE,pinniped bocaparvovirus 1,
pinniped bocaparvovirus 2,,FALSE,pinniped bocaparvovirus 2,
pinniped dependoparvovirus 1,,FALSE,pinniped dependoparvovirus 1,
pipapillomavirus 1,hamster oral papillomavirus,FALSE,hamster oral papillomavirus,
pipapillomavirus 2,,FALSE,pipapillomavirus 2,
pipistrellus bat coronavirus hku5,bat coronavirus hku5,FALSE,bat coronavirus hku5,
pirital mammarenavirus,pirital virus,FALSE,pirital,
piry vesiculovirus,piry virus,FALSE,piry,
pixuna,,TRUE,pixuna,
porcine circovirus 1,porcine circovirus-1; porcine circovirus type 1,FALSE,porcine circovirus-1,
porcine circovirus 2,porcine circovirus-2; porcine circovirus type 2; porcine circovirus type ii,FALSE,porcine circovirus-2,
porcine epidemic diarrhea,porcine epidemic diarrhoea virus,TRUE,porcine epidemic diarrhea,
porcine mastadenovirus a,porcine adenovirus a,FALSE,porcine adenovirus a,
porcine mastadenovirus b,porcine adenovirus b,FALSE,porcine adenovirus b,
porcine mastadenovirus c,porcine adenovirus c,FALSE,porcine adenovirus c,
porcine reproductive and respiratory syndrome virus 1,porcine respiratory and reproductive syndrome virus,TRUE,porcine reproductive and respiratory syndrome virus 1,
porcine reproductive and respiratory syndrome virus 1,,TRUE,porcine reproductive and respiratory syndrome virus 1,
porcine rubulavirus,"lpmv; porpv; la-piedad-michoacan-mexico virus, etc.",TRUE,porcine rubulavirus,
porcine torovirus,,TRUE,porcine torovirus,
porcine type-c oncovirus,,TRUE,porcine type-c oncovirus,
possum atadenovirus a,possum adenovirus a; possum adenovirus,FALSE,possum adenovirus,
powassan,flavivirus powassan,TRUE,powassan,
primate bocaparvovirus 1,,FALSE,primate bocaparvovirus 1,
primate bocaparvovirus 2,,FALSE,primate bocaparvovirus 2,
primate erythroparvovirus 1,,FALSE,primate erythroparvovirus 1,
primate erythroparvovirus 2,,FALSE,primate erythroparvovirus 2,
primate erythroparvovirus 3,,FALSE,primate erythroparvovirus 3,
primate erythroparvovirus 4,,FALSE,primate erythroparvovirus 4,
primate protoparvovirus 1,,FALSE,primate protoparvovirus 1,
primate t-lymphotropic virus 1,human t-lymphotropic virus 1,TRUE,primate t-lymphotropic virus 1,
primate t-lymphotropic virus 2,,TRUE,primate t-lymphotropic virus 2,
primate t-lymphotropic virus 3,,TRUE,primate t-lymphotropic virus 3,
primate tetraparvovirus 1,,FALSE,primate tetraparvovirus 1,
prospect hill hantavirus,prospect hill virus,FALSE,prospect hill,
pseudocowpox,pseudocowpoxvirus,TRUE,pseudocowpox,
psipapillomavirus 1,,FALSE,psipapillomavirus 1,
puma lentivirus,puma lentivirus plv,TRUE,puma lentivirus,
punta toro phlebovirus,,FALSE,punta toro,
puumala hantavirus,"nephropathia epidemica virus; puumala virus; puumala virus pv, etc.",FALSE,puumala,
qalyub nairovirus,qalyub virus,FALSE,qalyub,
quaranfil,,TRUE,quaranfil,
rabbit fibroma,sfv; shope fibroma virus sfv; shope fibroma virus,TRUE,rabbit fibroma,
rabbit hemorrhagic disease,rabbit hemorrhagic disease virus rhdv; rabbit haemorrhagic disease virus,TRUE,rabbit hemorrhagic disease,
rabies lyssavirus,rabies virus,FALSE,rabies,
raccoonpox,racoon poxvirus; raccoon poxvirus; raccoon poxvirus rcn,TRUE,raccoonpox,
reston ebolavirus,rebov; reston ebola virus; ebola virus reston,TRUE,reston ebolavirus,
rhinolophus bat coronavirus hku2,bat coronavirus hku2,FALSE,bat coronavirus hku2,
rhinovirus a,human rhinovirus a,FALSE,human rhinovirus a,
rhinovirus b,human rhinovirus b,FALSE,human rhinovirus b,
rhinovirus c,human rhinovirus c,FALSE,human rhinovirus c,
rhopapillomavirus 1,,FALSE,rhopapillomavirus 1,
rift valley fever phlebovirus,,FALSE,rift valley,
rinderpest,rdv; rinderpest virus rv; rinderpest virus rpv,TRUE,rinderpest,
rio bravo,,TRUE,rio bravo,
rio mamore hantavirus,rio mamore virus,FALSE,rio mamore,
rio negro,,TRUE,rio negro,
rio segundo hantavirus,rio segundo virus; reithrodontomys mexicanus hantavirus,FALSE,rio segundo,
rodent erythroparvovirus 1,,FALSE,rodent erythroparvovirus 1,
rodent protoparvovirus 1,,FALSE,rodent protoparvovirus 1,
rodent protoparvovirus 2,,FALSE,rodent protoparvovirus 2,
rosavirus a,,FALSE,rosavirus a,
ross river,,TRUE,ross river,
rotavirus a,group a rotavirus; rotavirus group a; group a rotaviruses,TRUE,rotavirus a,
rotavirus b,"group b rotaviruses; rotavirus group b; rotavirus group b, etc.",TRUE,rotavirus b,
rotavirus c,group c rotavirus; rotavirus group c; group c rotaviruses,TRUE,rotavirus c,
rotavirus e,,TRUE,rotavirus e,
rotavirus h,,FALSE,rotavirus h,
rousettus bat coronavirus hku9,bat coronavirus hku9,FALSE,bat coronavirus hku9,
royal farm,,FALSE,royal farm,
rubella,,TRUE,rubella,
saaremaa hantavirus,saaremaa virus,FALSE,saaremaa,
sabia mammarenavirus,sabia virus; sabia arenavirus; sabi mammarenavirus,FALSE,sabia,
saboya,,TRUE,saboya,
saguinine gammaherpesvirus 1,,FALSE,callitrichine herpesvirus 1,
saimiriine alphaherpesvirus 1,"marmoset herpesvirus; squirrel monkey herpesvirus 1; herpesvirus tamarinus, etc.",FALSE,saimiriine herpesvirus 1,
saimiriine betaherpesvirus 4,saimiriine herpesvirus 4,FALSE,saimiriine herpesvirus 4,
saimiriine gammaherpesvirus 2,"herpesvirus saimiri; saimiriine herpesvirus 2; herpesvirus saimiri 2, etc.",FALSE,saimiriine herpesvirus 2,
sakobuvirus a,,FALSE,sakobuvirus a,
sal vieja,,TRUE,sal vieja,
salehabad phlebovirus,salehabad viru,FALSE,salehabad,
salivirus a,,FALSE,salivirus a,
san perlita,,TRUE,san perlita,
sandfly fever naples phlebovirus,,FALSE,sandfly fever naples,
sangassou hantavirus,sangassou virus,FALSE,sangassou,
sapelovirus a,porcine sapelovirus; porcine enterovirus a,FALSE,porcine sapelovirus,
sapelovirus b,simian sapelovirus,FALSE,simian sapelovirus,
sapporo,human calicivirus slv,TRUE,sapporo,
sathuperi orthobunyavirus,sathuperi virus,TRUE,sathuperi orthobunyavirus,
scotophilus bat coronavirus 512,"scotophilus bat coronavirus 512/05; bat coronavirus 512/2005; btcov/512/2005, etc.",FALSE,scotophilus bat coronavirus 512,
semliki forest,,TRUE,semliki forest,
sendai,murine parainfluenza virus 1,TRUE,sendai,
senecavirus a,seneca valley virus,FALSE,seneca valley,
seoul hantavirus,seoul virus; epidemic hemorrhagic fever virus,FALSE,seoul,
sepik,,TRUE,sepik,
severe acute respiratory syndrome-related coronavirus,,FALSE,severe acute respiratory syndrome coronavirus,
sfts phlebovirus,,FALSE,sfts phlebovirus,
shamonda orthobunyavirus,shamonda virus,FALSE,shamonda,
sheeppox,sheep pox virus,TRUE,sheeppox,
shimoni bat lyssavirus,shimoni bat virus,FALSE,shimoni bat virus,
shuni orthobunyavirus,shuni virus,FALSE,shuni,
sigmapapillomavirus 1,,FALSE,sigmapapillomavirus 1,
simbu orthobunyavirus,simbu virus group; simbu serogroup; simbu bunyavirus group,FALSE,simbu,
simian foamy,,TRUE,simian foamy,
simian hemorrhagic fever,,TRUE,simian hemorrhagic fever,
simian immunodeficiency,"simian immunodeficiency viruses siv; chimpanzee immunodeficiency virus; civ, etc.",TRUE,simian immunodeficiency,
simian mastadenovirus a,simian adenovirus a,FALSE,simian adenovirus a,
simian virus 41,"sv-41; simian paramyxovirus sv41; simian parainfluenza virus 41, etc.",FALSE,simian virus 41,
sin nombre hantavirus,sin nombre virus,FALSE,sin nombre,
sindbis,sindbis virus dssin,TRUE,sindbis,
skunkpox,,FALSE,skunkpox,
snyder-theilen feline sarcoma,feline sarcoma virus (strain snyder-theilen),FALSE,feline sarcoma,all feline sarcomas here are set to same - could be relaxed
southern elephant seal,seal louse virus,TRUE,southern elephant seal,
squirrel fibroma,,TRUE,squirrel fibroma,
squirrel monkey retrovirus,,TRUE,squirrel monkey retrovirus,
squirrelpox,squirrel poxvirus; squirrel parapoxvirus,FALSE,squirrel parapoxvirus,
st. louis encephalitis,saint louis encephalitis virus; st. louis encephalitis virus slev,TRUE,st. louis encephalitis,
sudan ebolavirus,sebov; ebolavirus sudan; sudan ebola virus,TRUE,sudan ebolavirus,
suid alphaherpesvirus 1,"prv; aujeszky's disease virus; suid herpesvirus 1, etc.",FALSE,suid herpesvirus 1,
suid betaherpesvirus 2,suid herpesvirus 2; porcine cytomegalovirus,FALSE,suid herpesvirus 2,
suid gammaherpesvirus 3,,FALSE,suid herpesvirus 3,
suid gammaherpesvirus 4,,FALSE,suid herpesvirus 4,
suid gammaherpesvirus 5,,FALSE,suid herpesvirus 5,
swinepox,,TRUE,swinepox,
tacaiuma orthobunyavirus,tacaiuma virus,FALSE,tacaiuma,
tacaribe mammarenavirus,tacv; tacaribe virus,FALSE,tacaribe,
tai forest ebolavirus,"ciebov; ivory coast ebolavirus; cote d'ivoire ebolavirus, etc.",TRUE,tai forest ebolavirus,
tamiami mammarenavirus,tamiami virus; tamiami arenavirus,FALSE,tamiami,
tanapox,,TRUE,tanapox,
taterapox,tatera gerbilpox virus,TRUE,taterapox,
tembusu,,TRUE,tembusu,
teschovirus a,porcine teschovirus,FALSE,porcine teschovirus,
thailand hantavirus,thailand virus,FALSE,thailand,
thiafora nairovirus,thiafora virus,TRUE,thiafora nairovirus,
thogoto,thogoto virus tho,TRUE,thogoto,
thottapalayam hantavirus,thottapalayam virus,FALSE,thottapalayam,
tibrogargan tibrovirus,tibrogargan virus,FALSE,tibrogargan,
tick-borne encephalitis,tick-borne encephalitis virus tbev; fsme virus,TRUE,tick-borne encephalitis,
timboteua orthobunyavirus,,FALSE,timboteua,
tonate,,TRUE,tonate,
topografov hantavirus,topografov virus,FALSE,topografov,
torque teno douroucouli,,FALSE,torque teno douroucouli,
torque teno felis,,TRUE,torque teno felis,
torque teno felis virus 2,,FALSE,torque teno felis virus 2,
torque teno midi virus 1,,FALSE,torque teno midi virus 1,
torque teno midi virus 10,,FALSE,torque teno midi virus 10,
torque teno midi virus 11,,FALSE,torque teno midi virus 11,
torque teno midi virus 12,,FALSE,torque teno midi virus 12,
torque teno midi virus 13,,FALSE,torque teno midi virus 13,
torque teno midi virus 14,,FALSE,torque teno midi virus 14,
torque teno midi virus 15,,FALSE,torque teno midi virus 15,
torque teno midi virus 2,,FALSE,torque teno midi virus 2,
torque teno midi virus 3,,FALSE,torque teno midi virus 3,
torque teno midi virus 4,,FALSE,torque teno midi virus 4,
torque teno midi virus 5,,FALSE,torque teno midi virus 5,
torque teno midi virus 6,,FALSE,torque teno midi virus 6,
torque teno midi virus 7,,FALSE,torque teno midi virus 7,
torque teno midi virus 8,,FALSE,torque teno midi virus 8,
torque teno midi virus 9,,FALSE,torque teno midi virus 9,
torque teno mini virus 1,,FALSE,torque teno mini virus 1,
torque teno mini virus 10,,FALSE,torque teno mini virus 10,
torque teno mini virus 11,,FALSE,torque teno mini virus 11,
torque teno mini virus 12,,FALSE,torque teno mini virus 12,
torque teno mini virus 2,,FALSE,torque teno mini virus 2,
torque teno mini virus 3,,FALSE,torque teno mini virus 3,
torque teno mini virus 4,,FALSE,torque teno mini virus 4,
torque teno mini virus 5,,FALSE,torque teno mini virus 5,
torque teno mini virus 6,,FALSE,torque teno mini virus 6,
torque teno mini virus 7,,FALSE,torque teno mini virus 7,
torque teno mini virus 8,,FALSE,torque teno mini virus 8,
torque teno mini virus 9,,FALSE,torque teno mini virus 9,
torque teno sus virus 1a,ttsv1a; torque teno sus virus 1,FALSE,torque teno sus virus 1,
torque teno sus virus 1b,ttsv1b; torque teno sus virus 2,FALSE,torque teno sus virus 2,
torque teno sus virus k2a,torque teno sus virus 3,FALSE,torque teno sus virus 3,
torque teno tamarin,,FALSE,torque teno tamarin,
torque teno tupaia,,TRUE,torque teno tupaia,
torque teno virus 1,,TRUE,torque teno virus 1,
torque teno virus 10,,FALSE,torque teno virus 10,
torque teno virus 11,,FALSE,torque teno virus 11,
torque teno virus 12,,FALSE,torque teno virus 12,
torque teno virus 13,,FALSE,torque teno virus 13,
torque teno virus 14,,TRUE,torque teno virus 14,
torque teno virus 15,,FALSE,torque teno virus 15,
torque teno virus 16,,FALSE,torque teno virus 16,
torque teno virus 17,,FALSE,torque teno virus 17,
torque teno virus 18,,FALSE,torque teno virus 18,
torque teno virus 19,,FALSE,torque teno virus 19,
torque teno virus 2,,TRUE,torque teno virus 2,
torque teno virus 20,,FALSE,torque teno virus 20,
torque teno virus 21,,FALSE,torque teno virus 21,
torque teno virus 22,,FALSE,torque teno virus 22,
torque teno virus 23,,TRUE,torque teno virus 23,
torque teno virus 24,,FALSE,torque teno virus 24,
torque teno virus 25,,FALSE,torque teno virus 25,
torque teno virus 26,,FALSE,torque teno virus 26,
torque teno virus 27,,FALSE,torque teno virus 27,
torque teno virus 28,,FALSE,torque teno virus 28,
torque teno virus 29,,FALSE,torque teno virus 29,
torque teno virus 3,,FALSE,torque teno virus 3,
torque teno virus 4,,FALSE,torque teno virus 4,
torque teno virus 5,,FALSE,torque teno virus 5,
torque teno virus 6,,FALSE,torque teno virus 6,
torque teno virus 7,,FALSE,torque teno virus 7,
torque teno virus 8,,FALSE,torque teno virus 8,
torque teno virus 9,,FALSE,torque teno virus 9,
torque teno zalophus virus 1,california sea lion anellovirus,FALSE,torque teno zalophus,
tree shrew mastadenovirus a,tree shrew adenovirus a; tree shrew adenovirus,FALSE,tree shrew adenovirus,
tula hantavirus,tula virus,FALSE,tula,
tupaia tupavirus,tupaia rhabdovirus; tupaia virus,FALSE,tupaia,
tupaiid betaherpesvirus 1,"tupaiid herpesvirus 1; herpesvirus tupaia 1; tupaia herpesvirus, etc.",FALSE,tupaia herpesvirus,
turlock orthobunyavirus,turlock virus; turlock serogroup; turlock bunyavirus group,FALSE,turlock,
tylonycteris bat coronavirus hku4,bat coronavirus hku4,FALSE,bat coronavirus hku4,
tyuleniy,tyuleniy virus tyuv,FALSE,tyuleniy,
uganda s,,TRUE,uganda s,
una,,TRUE,una,
ungulate bocaparvovirus 1,,FALSE,ungulate bocaparvovirus 1,
ungulate bocaparvovirus 2,,FALSE,ungulate bocaparvovirus 2,
ungulate bocaparvovirus 3,,FALSE,ungulate bocaparvovirus 3,
ungulate bocaparvovirus 4,,FALSE,ungulate bocaparvovirus 4,
ungulate bocaparvovirus 5,,FALSE,ungulate bocaparvovirus 5,
ungulate copiparvovirus 1,,FALSE,ungulate copiparvovirus 1,
ungulate copiparvovirus 2,,FALSE,ungulate copiparvovirus 2,
ungulate erythroparvovirus 1,,FALSE,ungulate erythroparvovirus 1,
ungulate protoparvovirus,,FALSE,ungulate protoparvovirus 1,
ungulate tetraparvovirus 1,,FALSE,ungulate tetraparvovirus 1,
ungulate tetraparvovirus 2,,FALSE,ungulate tetraparvovirus 2,
ungulate tetraparvovirus 3,,FALSE,ungulate tetraparvovirus 3,
ungulate tetraparvovirus 4,,FALSE,ungulate tetraparvovirus 4,
upsilonpapillomavirus 1,,FALSE,upsilonpapillomavirus 1,
upsilonpapillomavirus 3,,FALSE,upsilonpapillomavirus 3,
usutu,,TRUE,usutu,
uukuniemi phlebovirus,,FALSE,uukuniemi,
vaccinia,vaccinia virus vv,TRUE,vaccinia,
variola,smallpox virus; variola virus var,TRUE,variola,
venezuelan equine encephalitis,"venezuelan equine encephalomyelitis virus; venezuelan equine encephalitis vee; vee, etc.",TRUE,venezuelan equine encephalitis,
vesicular exanthema of swine,swine vesicular exanthema virus,TRUE,vesicular exanthema of swine,
visna/maedi,"visna virus; visna lentivirus; maedi-visna virus, etc.",TRUE,visna/maedi,
wad medani,wad medani complex,TRUE,wad medani,
wallal,wallal virus group,TRUE,wallal,
warrego,warrego virus group,TRUE,warrego,
wesselsbron,,TRUE,wesselsbron,
west caucasian bat lyssavirus,west caucasian bat virus,FALSE,west caucasian bat,
west nile,,TRUE,west nile,
western equine encephalitis,western equine encephalomyelitis virus,TRUE,western equine encephalitis,
whataroa,,FALSE,whataroa,
whitewater arroyo mammarenavirus,whitewater arroyo virus; whitewater arroyo virus strain av 9310135,FALSE,whitewater arroyo,
woodchuck hepatitis,woodchuck hepatitis b virus,TRUE,woodchuck hepatitis,
wyeomyia orthobunyavirus,wyeomyia virus,FALSE,wyeomyia,
xipapillomavirus 1,"bpv-3; bovine papillomavirus type 3; bovine papillomavirus 3, etc.",FALSE,bovine papillomavirus 3,
xipapillomavirus 2,,FALSE,bovine papillomavirus 12,
yaba monkey tumor,yaba virus,TRUE,yaba monkey tumor,
yaounde,,FALSE,yaounde,
yellow fever,yellow fever virus yfv; flavivirus febricis,TRUE,yellow fever,
yokose,,TRUE,yokose,
yunnan orbivirus,yunnan virus,FALSE,yunnan,
zaire ebolavirus,zaire ebola virus,TRUE,zaire ebolavirus,
zegla orthobunyavirus,,FALSE,egla,
zetapapillomavirus 1,equinus papillomavirus; equine papillomavirus 1,FALSE,equine papillomavirus 1,
zika,,TRUE,zika,
