name,exact,type,order,species
african horse sickness,false,viruses,Reovirales,African horse sickness virus
bluetongue,false,viruses,Reovirales,Bluetongue virus
canine distemper,false,viruses,Mononegavirales,Canine morbillivirus
cowpox,false,viruses,Chitovirales,Ectromelia virus
feline immunodeficiency,false,viruses,Ortervirales,Feline immunodeficiency virus
feline leukemia,false,viruses,Ortervirales,Feline leukemia virus
influenza a,false,viruses,Articulavirales,unidentified influenza virus
rift valley,false,viruses,Bunyavirales,Rift Valley fever phlebovirus
rotavirus a,false,viruses,Reovirales,Rotavirus L
feline panleukopenia,false,viruses,Piccovirales,Carnivore protoparvovirus 1
west nile,false,viruses,Amarillovirales,West Nile virus
influenza b,false,viruses,Articulavirales,unidentified influenza virus
phocine distemper,false,viruses,Mononegavirales,Phocine morbillivirus
lagos bat,false,viruses,Mononegavirales,Lagos bat lyssavirus
vesicular stomatitis indiana,false,viruses,Mononegavirales,Indiana vesiculovirus
tyuleniy,false,viruses,Amarillovirales,Tyuleniy virus
vesicular exanthema of swine,false,viruses,Picornavirales,Vesicular exanthema of swine virus
aichi,false,viruses,Picornavirales,Aichivirus A
california encephalitis,false,viruses,Bunyavirales,California encephalitis orthobunyavirus
colorado tick fever,false,viruses,Reovirales,Colorado tick fever coltivirus
eastern equine encephalitis,false,viruses,Martellivirales,Eastern equine encephalitis virus
powassan,false,viruses,Amarillovirales,Powassan virus
st. louis encephalitis,false,viruses,Amarillovirales,Saint Louis encephalitis virus
venezuelan equine encephalitis,false,viruses,Martellivirales,Venezuelan equine encephalitis virus
vesicular stomatitis new jersey,false,viruses,Mononegavirales,New Jersey vesiculovirus
borna disease,false,viruses,Mononegavirales,Borna disease virus
canine minute,false,viruses,Piccovirales,Carnivore bocaparvovirus 1
canine parainfluenza,false,viruses,Mononegavirales,Canine parainfluenza virus
equine infectious anemia,false,viruses,Ortervirales,Equine infectious anemia virus
influenza c,false,viruses,Articulavirales,unidentified influenza virus
japanese encephalitis,false,viruses,Amarillovirales,Japanese encephalitis virus
mokola,false,viruses,Mononegavirales,Zaire ebolavirus
nipah,false,viruses,Mononegavirales,Nipah henipavirus
norwalk,false,viruses,Picornavirales,Norwalk virus
torque teno canis,false,viruses,,Torque teno virus
barmah forest,false,viruses,Martellivirales,Barmah Forest virus
bunyamwera,false,viruses,Bunyavirales,Bunyamwera orthobunyavirus
crimean-congo hemorrhagic fever,false,viruses,Bunyavirales,Crimean-Congo hemorrhagic fever orthonairovirus
everglades,false,viruses,Martellivirales,Everglades virus
hepatitis e,false,viruses,Amarillovirales,Hepacivirus C
human norovirus-alphatron,false,viruses,Picornavirales,Norwalk virus
mumps,false,viruses,Mononegavirales,Mumps orthorubulavirus
murray valley encephalitis,false,viruses,Amarillovirales,Murray Valley encephalitis virus
ross river,false,viruses,,Ross virus
sandfly fever sicilian,false,viruses,Bunyavirales,Sicilian phlebovirus
wesselsbron,false,viruses,Amarillovirales,Wesselsbron virus
mayaro,false,viruses,Martellivirales,Mayaro virus
yellow fever,false,viruses,Amarillovirales,Yellow fever virus
great island,false,viruses,Reovirales,Great Island virus
bse agent,false,viruses,Reovirales,Rotavirus B
encephalomyocarditis,false,viruses,Picornavirales,Cardiovirus A
feline foamy,false,viruses,Ortervirales,Feline foamy virus
feline sarcoma,false,viruses,Ortervirales,Feline leukemia virus
human adenovirus c,false,viruses,Rowavirales,Human mastadenovirus G
orthohepevirus a,false,viruses,Hepelivirales,Orthohepevirus D
puumala,false,viruses,Bunyavirales,Puumala orthohantavirus
seoul,false,viruses,Bunyavirales,Seoul orthohantavirus
torque teno felis,false,viruses,,Torque teno virus
junin,false,viruses,Bunyavirales,Argentinian mammarenavirus
cardiovirus b,false,viruses,Picornavirales,Cardiovirus A
murine leukemia,false,viruses,Ortervirales,Murine leukemia virus
foot-and-mouth disease,false,viruses,Picornavirales,Foot-and-mouth disease virus
aleutian mink disease,false,viruses,Piccovirales,Carnivore amdoparvovirus 1
louping ill,false,viruses,Amarillovirales,Louping ill virus
skunkpox,false,viruses,Chitovirales,Skunkpox virus
western equine encephalitis,false,viruses,Martellivirales,Western equine encephalitis virus
southern elephant seal,false,viruses,Martellivirales,Southern elephant seal virus
lymphocytic choriomeningitis,false,viruses,Bunyavirales,Lymphocytic choriomeningitis mammarenavirus
rabbit hemorrhagic disease,false,viruses,Picornavirales,Rabbit hemorrhagic disease virus
sendai,false,viruses,Mononegavirales,Murine respirovirus
aichivirus b,false,viruses,Picornavirales,Aichivirus F
orthohepevirus c,false,viruses,Hepelivirales,Orthohepevirus D
rotavirus c,false,viruses,Reovirales,Rotavirus L
ilheus,false,viruses,Amarillovirales,Ilheus virus
monkeypox,false,viruses,Chitovirales,Monkeypox virus
simbu,false,viruses,Bunyavirales,Simbu orthobunyavirus
sealpox,false,viruses,Chitovirales,Variola virus
bhanja,false,viruses,Bunyavirales,Bhanja bandavirus
sandfly fever naples,false,viruses,Bunyavirales,Naples phlebovirus
sindbis,false,viruses,Martellivirales,Sindbis virus
ectromelia,false,viruses,Chitovirales,Ectromelia virus
trubanaman,false,viruses,Bunyavirales,Trubanaman virus
sapporo,false,viruses,Picornavirales,Sapporo virus
torque teno zalophus,false,viruses,,Torque teno zalophus virus 1
akabane,false,viruses,Bunyavirales,Akabane orthobunyavirus
bovine ephemeral fever,false,viruses,Mononegavirales,Bovine fever ephemerovirus
bovine respiratory syncytial,false,viruses,Mononegavirales,Bovine orthopneumovirus
lumpy skin disease,false,viruses,Chitovirales,Lumpy skin disease virus
rinderpest,false,viruses,Mononegavirales,Rinderpest morbillivirus
tick-borne encephalitis,false,viruses,Amarillovirales,Tick-borne encephalitis virus
epizootic hemorrhagic disease,false,viruses,Reovirales,Epizootic hemorrhagic disease virus
border disease,false,viruses,Amarillovirales,Pestivirus D
enterovirus f,false,viruses,Picornavirales,Enterovirus E
bovine immunodeficiency,false,viruses,Ortervirales,Bovine immunodeficiency virus
adelaide river,false,viruses,Mononegavirales,Adelaide River ephemerovirus
adeno-associated virus-2,false,viruses,Piccovirales,Adeno-associated dependoparvovirus A
anopheles b,false,viruses,Picornavirales,Anopheles C virus
banna,false,viruses,Reovirales,Banna virus
banzi,false,viruses,Amarillovirales,Banzi virus
berrimah,false,viruses,Mononegavirales,Berrimah ephemerovirus
bovine adenovirus a,false,viruses,Rowavirales,Bovine mastadenovirus B
bovine adenovirus b,false,viruses,Rowavirales,Bovine mastadenovirus B
bovine adenovirus c,false,viruses,Rowavirales,Bovine mastadenovirus B
bovine adenovirus d,false,viruses,Rowavirales,Bovine mastadenovirus B
bovine adenovirus e,false,viruses,Rowavirales,Bovine mastadenovirus B
bovine enteric calicivirus strain nb,false,viruses,Picornavirales,Norwalk virus
bovine foamy,false,viruses,Ortervirales,Bovine foamy virus
bovine leukemia,false,viruses,Ortervirales,Bovine leukemia virus
bovine norovirus-ch126,false,viruses,Nidovirales,Bovine torovirus
bovine norovirus-jena,false,viruses,Nidovirales,Bovine torovirus
bovine papular stomatitis,false,viruses,Chitovirales,Bovine papular stomatitis virus
bovine reovirus,false,viruses,Picornavirales,Bovine nebovirus
bovine rhinitis a,false,viruses,Picornavirales,Bovine rhinitis B virus
bovine rhinitis b,false,viruses,Picornavirales,Bovine rhinitis B virus
buffalopox,false,viruses,Chitovirales,Vaccinia virus
chandipura,false,viruses,Mononegavirales,Chandipura vesiculovirus
chobar gorge,false,viruses,Reovirales,Chobar Gorge virus
classical swine fever,false,viruses,Amarillovirales,Pestivirus C
coastal plains,false,viruses,Mononegavirales,Coastal Plains tibrovirus
corriparta,false,viruses,Reovirales,Corriparta virus
dera ghazi khan,false,viruses,Bunyavirales,Dera Ghazi Khan orthonairovirus
dhori,false,viruses,Articulavirales,Dhori thogotovirus
dugbe,false,viruses,Bunyavirales,Dugbe orthonairovirus
gan gan,false,viruses,Bunyavirales,Gan Gan virus
hepatitis b,false,viruses,Amarillovirales,Hepacivirus C
ife,false,viruses,Herpesvirales,African elephant endotheliolytic herpesvirus
kadam,false,viruses,Amarillovirales,Kadam virus
kokobera,false,viruses,Amarillovirales,Kokobera virus
koongol,false,viruses,Bunyavirales,Koongol orthobunyavirus
kotonkan,false,viruses,Mononegavirales,Kotonkan ephemerovirus
main drain virus,false,viruses,Bunyavirales,Main Drain orthobunyavirus
newbury-1,false,viruses,Picornavirales,Newbury 1 virus
ngaingan,false,viruses,Mononegavirales,Ngaingan hapavirus
o'nyong-nyong,false,viruses,Martellivirales,Onyong-nyong virus
orf,false,viruses,Patatavirales,Ornithogalum mosaic virus
orungo,false,viruses,Reovirales,Orungo virus
ovine adenovirus a,false,viruses,Rowavirales,Ovine mastadenovirus C
palyam,false,viruses,Reovirales,Palyam virus
pseudocowpox,false,viruses,Chitovirales,Pseudocowpox virus
rotavirus b,false,viruses,Reovirales,Rotavirus L
royal farm,false,viruses,Amarillovirales,Royal Farm virus
sathuperi,false,viruses,Bunyavirales,Sathuperi orthobunyavirus
semliki forest,false,viruses,Martellivirales,Semliki Forest virus
seneca valley,false,viruses,Picornavirales,Senecavirus A
sepik,false,viruses,Amarillovirales,Sepik virus
shamonda,false,viruses,Bunyavirales,Shamonda orthobunyavirus
shuni,false,viruses,Bunyavirales,Shuni orthobunyavirus
tibrogargan,false,viruses,Mononegavirales,Tibrogargan tibrovirus
torque teno,false,viruses,,Torque teno virus
upolu,false,viruses,Articulavirales,Upolu virus
uukuniemi,false,viruses,Bunyavirales,Uukuniemi uukuvirus
vesicular stomatitis,false,viruses,Mononegavirales,Vesicular stomatitis virus
vesicular stomatitis alagoas,false,viruses,Mononegavirales,Alagoas vesiculovirus
wad medani,false,viruses,Reovirales,Wad Medani virus
wongorr,false,viruses,Reovirales,Wongorr virus
yunnan,false,viruses,Reovirales,Yunnan orbivirus
bivens arm,false,viruses,Mononegavirales,Tibrogargan tibrovirus
cacipacore,false,viruses,Amarillovirales,Cacipacore virus
caraparu,false,viruses,Bunyavirales,Carapha virus
catu,false,viruses,Nidovirales,Alphamesonivirus 1
guaroa,false,viruses,Bunyavirales,Guaroa orthobunyavirus
oropouche,false,viruses,Bunyavirales,Oropouche orthobunyavirus
tacaiuma,false,viruses,Bunyavirales,Tacaiuma orthobunyavirus
camelpox,false,viruses,Chitovirales,Camelpox virus
chenuda,false,viruses,Reovirales,Chenuda virus
equine rhinitis a,false,viruses,Picornavirales,Erbovirus A
caprine arthritis encephalitis,false,viruses,Ortervirales,Caprine arthritis encephalitis virus
eyach,false,viruses,Reovirales,Eyach coltivirus
getah,false,viruses,Martellivirales,Getah virus
goatpox,false,viruses,Chitovirales,Goatpox virus
ovine adenovirus d,false,viruses,Rowavirales,Ovine mastadenovirus C
salehabad,false,viruses,Bunyavirales,Salehabad phlebovirus
sheeppox,false,viruses,Chitovirales,Sheeppox virus
visna/maedi,false,viruses,Ortervirales,Visna-maedi virus
goat adenovirus,false,viruses,Rowavirales,Ovine atadenovirus D
deer adenovirus,false,viruses,Rowavirales,Lemur adenovirus
red deer parapoxvirus new zealand,false,viruses,Chitovirales,Parapoxvirus of red deer in New Zealand
thiafora,false,viruses,Bunyavirales,Thiafora orthonairovirus
deerpox virus w-848-83,false,viruses,Chitovirales,Mule deerpox virus
african swine fever,false,viruses,Asfuvirales,African swine fever virus
klamath,false,viruses,Mononegavirales,Klamath tupavirus
ovine respiratory syncytial,false,viruses,Mononegavirales,Ovine respiratory syncytial virus
middelburg,false,viruses,Martellivirales,Middelburg virus
ovine adenovirus b,false,viruses,Rowavirales,Ovine mastadenovirus C
porcine enterovirus b,false,viruses,Picornavirales,Enterovirus G
rupicapra gammaherpesvirus 1,false,viruses,Herpesvirales,Ruminantia gammaherpesvirus 1
aichivirus c,false,viruses,Picornavirales,Aichivirus F
cosavirus a,false,viruses,Picornavirales,Cosavirus F
enterovirus b,false,viruses,Picornavirales,Enterovirus E
manzanilla,false,viruses,Bunyavirales,Manzanilla orthobunyavirus
menangle,false,viruses,Mononegavirales,Menangle pararubulavirus
ndumu,false,viruses,Martellivirales,Ndumu virus
newcastle disease,false,viruses,Mononegavirales,Avian orthoavulavirus 1
porcine adenovirus a,false,viruses,Rowavirales,Porcine mastadenovirus C
porcine adenovirus b,false,viruses,Rowavirales,Porcine mastadenovirus C
porcine adenovirus c,false,viruses,Rowavirales,Porcine mastadenovirus C
porcine enterovirus a,false,viruses,Picornavirales,Enterovirus G
porcine epidemic diarrhea,false,viruses,Nidovirales,Porcine epidemic diarrhea virus
porcine hemagglutinating encephalomyelitis,false,viruses,Nidovirales,Betacoronavirus 1
rotavirus e,false,viruses,Reovirales,Rotavirus L
rotavirus h,false,viruses,Reovirales,Rotavirus L
suid herpesvirus 3,false,viruses,Herpesvirales,Suid betaherpesvirus 2
suid herpesvirus 4,false,viruses,Herpesvirales,Suid betaherpesvirus 2
suid herpesvirus 5,false,viruses,Herpesvirales,Suid betaherpesvirus 2
swine vesicular disease,false,viruses,Picornavirales,Enterovirus B
swinepox,false,viruses,Chitovirales,Swinepox virus
transmissible gastroenteritis,false,viruses,Nidovirales,Alphacoronavirus 1
equine arteritis,false,viruses,Nidovirales,Alphaarterivirus equid
bimiti,false,viruses,Bunyavirales,Bimiti orthobunyavirus
dengue,false,viruses,Amarillovirales,Dengue virus
guama,false,viruses,Bunyavirales,Guama orthobunyavirus
rio bravo,false,viruses,Amarillovirales,Rio Bravo virus
tamana bat,false,viruses,Amarillovirales,Tamana bat virus
marituba,false,viruses,Bunyavirales,Marituba orthobunyavirus
tacaribe,false,viruses,Bunyavirales,Tacaribe mammarenavirus
itaporanga,false,viruses,Bunyavirales,Itaporanga phlebovirus
jurona,false,viruses,Mononegavirales,Jurona vesiculovirus
oriboca,false,viruses,Bunyavirales,Oriboca orthobunyavirus
mucambo,false,viruses,Martellivirales,Mucambo virus
kaeng khoi,false,viruses,Bunyavirales,Kaeng Khoi orthobunyavirus
bukalasa bat,false,viruses,Amarillovirales,Bukalasa bat virus
chikungunya,false,viruses,Martellivirales,Chikungunya virus
dakar bat,false,viruses,Amarillovirales,Dakar bat virus
entebbe bat,false,viruses,Amarillovirales,Entebbe bat virus
carey island,false,viruses,Amarillovirales,Carey Island virus
issyk-kul,false,viruses,Bunyavirales,Issyk-Kul virus
jugra,false,viruses,Amarillovirales,Jugra virus
phnom penh bat,false,viruses,Amarillovirales,Phnom Penh bat virus
kyasanur forest disease,false,viruses,Amarillovirales,Kyasanur Forest disease virus
bat adenovirus a,false,viruses,Rowavirales,Bat adenovirus 1
hendra,false,viruses,Mononegavirales,Hendra henipavirus
usutu,false,viruses,Amarillovirales,Usutu virus
hantaan,false,viruses,Bunyavirales,Hantaan orthohantavirus
bat coronavirus hku5,false,viruses,Nidovirales,Bat coronavirus TM5
bat hepatitis,false,viruses,Amarillovirales,Bat hepacivirus
yokose,false,viruses,Amarillovirales,Yokose virus
duvenhage,false,viruses,Mononegavirales,Duvenhage lyssavirus
west caucasian bat,false,viruses,Mononegavirales,West Caucasian bat lyssavirus
irkut,false,viruses,Mononegavirales,Irkut lyssavirus
aravan,false,viruses,Mononegavirales,Aravan lyssavirus
montana myotis leukoencephalitis,false,viruses,Amarillovirales,Montana myotis leukoencephalitis virus
khujand,false,viruses,Mononegavirales,Khujand lyssavirus
kern canyon,false,viruses,Mononegavirales,Kern Canyon ledantevirus
saboya,false,viruses,Mononegavirales,Zaire ebolavirus
hepatitis c,false,viruses,Amarillovirales,Hepacivirus C
cocal,false,viruses,Mononegavirales,Cocal vesiculovirus
bat adenovirus b,false,viruses,Rowavirales,Bat adenovirus 1
gb virus d,false,viruses,Amarillovirales,Hepatitis GB virus B
tioman,false,viruses,Mononegavirales,Tioman pararubulavirus
bat coronavirus hku2,false,viruses,Nidovirales,Bat coronavirus 512
mount elgon bat,false,viruses,Mononegavirales,Mount Elgon bat ledantevirus
kasokero,false,viruses,Bunyavirales,Kasokero orthonairovirus
yogue,false,viruses,Bunyavirales,Yogue virus
bat coronavirus hku9,false,viruses,Nidovirales,Rousettus bat coronavirus HKU9
qalyub,false,viruses,Bunyavirales,Qalyub orthonairovirus
mapuera,false,viruses,Mononegavirales,Mapuera orthorubulavirus
japanaut,false,viruses,Reovirales,Japanaut virus
bat coronavirus hku4,false,viruses,Nidovirales,Tylonycteris bat coronavirus HKU4
carajas,false,viruses,Mononegavirales,Carajas vesiculovirus
changuinola,false,viruses,Reovirales,Changuinola virus
capim,false,viruses,Bunyavirales,Capim orthobunyavirus
cabassou,false,viruses,Martellivirales,Cabassou virus
guajara,false,viruses,Bunyavirales,Guajara orthobunyavirus
araguari,false,viruses,Articulavirales,Araguari virus
eubenangee,false,viruses,Reovirales,Eubenangee virus
wallal,false,viruses,Reovirales,Wallal virus
warrego,false,viruses,Reovirales,Warrego virus
edge hill,false,viruses,Amarillovirales,Edge Hill virus
molluscum contagiosum,false,viruses,Chitovirales,Molluscum contagiosum virus
whataroa,false,viruses,Martellivirales,Whataroa virus
murid herpesvirus 7,false,viruses,Herpesvirales,Murid betaherpesvirus 1
dobrava-belgrade,false,viruses,Bunyavirales,Dobrava-Belgrade orthohantavirus
omsk,false,viruses,Algavirales,Ostreococcus mediterraneus virus 1
thottapalayam,false,viruses,Bunyavirales,Thottopalayam thottimvirus
turlock,false,viruses,Bunyavirales,Turlock orthobunyavirus
hare fibroma,false,viruses,Chitovirales,Rabbit fibroma virus
european brown hare syndrome,false,viruses,Picornavirales,European brown hare syndrome virus
myxoma,false,viruses,Chitovirales,Myxoma virus
lapine parvovirus,false,viruses,Piccovirales,Carnivore protoparvovirus 1
rabbit fibroma,false,viruses,Chitovirales,Rabbit fibroma virus
rabbit kidney vacuolating,false,viruses,Sepolyvirales,Rabbit kidney vacuolating virus
bwamba,false,viruses,Bunyavirales,Bwamba orthobunyavirus
equine encephalosis,false,viruses,Reovirales,Equine encephalosis virus
anopheles a,false,viruses,Picornavirales,Anopheles C virus
equine adenovirus a,false,viruses,Rowavirales,Equine mastadenovirus A
equine adenovirus b,false,viruses,Rowavirales,Equine mastadenovirus A
equine foamy,false,viruses,Ortervirales,Equine foamy virus
equine rhinitis b,false,viruses,Picornavirales,Erbovirus A
highlands j,false,viruses,Martellivirales,Highlands J virus
madariaga,false,viruses,Martellivirales,Madariaga virus
peruvian horse sickness,false,viruses,Reovirales,Peruvian horse sickness virus
una,false,viruses,Martellivirales,Una virus
equus zebra gammaherpesvirus 2,false,viruses,Herpesvirales,Equus zebra gammaherpesvirus 1
punta toro,false,viruses,Bunyavirales,Punta Toro phlebovirus
simian foamy,false,viruses,Ortervirales,Simian foamy virus
simian immunodeficiency,false,viruses,Ortervirales,Simian immunodeficiency virus
aroa,false,viruses,Nidovirales,Avian coronavirus
measles,false,viruses,Mononegavirales,Measles morbillivirus
gb virus a,false,viruses,Amarillovirales,Hepatitis GB virus B
gb virus b,false,viruses,Amarillovirales,Hepatitis GB virus B
hepatitis a,false,viruses,Amarillovirales,Hepacivirus C
torque teno douroucouli,false,viruses,,Torque teno douroucouli virus
human respiratory syncytial,false,viruses,Mononegavirales,Human orthopneumovirus
enterovirus a,false,viruses,Picornavirales,Enterovirus E
enterovirus j,false,viruses,Picornavirales,Enterovirus E
simian hemorrhagic fever,false,viruses,Nidovirales,Deltaarterivirus hemfev
uganda s,false,viruses,Amarillovirales,Uganda S virus
simian virus 10,false,viruses,Sepolyvirales,Simian virus 12
adeno-associated virus-1,false,viruses,Piccovirales,Adeno-associated dependoparvovirus A
african green monkey simian foamy,false,viruses,Ortervirales,African green monkey simian foamy virus
mason-pfizer monkey,false,viruses,Ortervirales,Mason-Pfizer monkey virus
yaba monkey tumor,false,viruses,Chitovirales,Yaba monkey tumor virus
tanapox,false,viruses,Chitovirales,Tanapox virus
cercopithecine herpesvirus 14,false,viruses,Herpesvirales,Macacine alphaherpesvirus 1
enterovirus c,false,viruses,Picornavirales,Enterovirus E
human papillomavirus cand90,false,viruses,Zurhausenvirales,Alphapapillomavirus 14
human adenovirus b,false,viruses,Rowavirales,Human mastadenovirus G
enterovirus d,false,viruses,Picornavirales,Enterovirus E
human adenovirus e,false,viruses,Rowavirales,Human mastadenovirus G
human adenovirus f,false,viruses,Rowavirales,Human mastadenovirus G
primate t-lymphotropic virus 4,false,viruses,Ortervirales,Primate T-lymphotropic virus 1
adeno-associated virus-5,false,viruses,Piccovirales,Adeno-associated dependoparvovirus B
apoi,false,viruses,Nidovirales,Avian coronavirus
bagaza,false,viruses,Amarillovirales,Bagaza virus
bakau,false,viruses,Bunyavirales,Bakau orthobunyavirus
bangui,false,viruses,Bunyavirales,Bangui virus
bayou,false,viruses,Bunyavirales,Bayou orthohantavirus
bk polyomavirus,false,viruses,Sepolyvirales,Human polyomavirus 1
black creek canal,false,viruses,Bunyavirales,Black Creek Canal orthohantavirus
bouboui,false,viruses,Amarillovirales,Bouboui virus
bujaru,false,viruses,Bunyavirales,Bujaru phlebovirus
chagres,false,viruses,Bunyavirales,Chagres phlebovirus
chapare,false,viruses,Bunyavirales,Chapare mammarenavirus
egla,false,viruses,Mononegavirales,Zaire ebolavirus
flexal,false,viruses,Bunyavirales,Flexal mammarenavirus
gadgets gully,false,viruses,Amarillovirales,Gadgets Gully virus
gb virus c,false,viruses,Amarillovirales,Hepatitis GB virus B
gibbon ape leukemia,false,viruses,Ortervirales,Gibbon ape leukemia virus
guanarito,false,viruses,Bunyavirales,Guanarito mammarenavirus
hepatitis delta,false,viruses,,Hepatitis delta virus
hughes,false,viruses,Bunyavirales,Hughes orthonairovirus
human adenovirus a,false,viruses,Rowavirales,Human mastadenovirus E
human adenovirus d,false,viruses,Rowavirales,Human mastadenovirus B
human coronavirus oc43,false,viruses,Nidovirales,Betacoronavirus 1
human mastadenovirus g,false,viruses,Rowavirales,Human mastadenovirus C
human papillomavirus 71,false,viruses,Zurhausenvirales,Gammapapillomavirus 11
human papillomavirus cand92,false,viruses,Zurhausenvirales,Betapapillomavirus 4
human papillomavirus cand96,false,viruses,Zurhausenvirales,Betapapillomavirus 5
human parvovirus b19,false,viruses,Piccovirales,Primate erythroparvovirus 1
human rhinovirus a,false,viruses,Picornavirales,Rhinovirus A
human rhinovirus b,false,viruses,Picornavirales,Rhinovirus A
human rhinovirus c,false,viruses,Picornavirales,Rhinovirus A
isfahan,false,viruses,Mononegavirales,Isfahan vesiculovirus
jc polyomavirus,false,viruses,Sepolyvirales,Human polyomavirus 2
kedougou,false,viruses,Amarillovirales,Kedougou virus
koutango,false,viruses,Amarillovirales,Koutango virus
laguna negra,false,viruses,Bunyavirales,Laguna Negra orthohantavirus
lassa,false,viruses,Bunyavirales,Lassa mammarenavirus
lebombo,false,viruses,Reovirales,Lebombo virus
ljungan,false,viruses,Picornavirales,Parechovirus B
lujo,false,viruses,Bunyavirales,Lujo mammarenavirus
m'poko,false,viruses,Bunyavirales,MPoko orthobunyavirus
machupo,false,viruses,Bunyavirales,Machupo mammarenavirus
madrid,false,viruses,Bunyavirales,Madrid orthobunyavirus
maraba,false,viruses,Mononegavirales,Maraba vesiculovirus
modoc,false,viruses,Amarillovirales,Modoc virus
mosso das pedras virus 78v3531,false,viruses,Martellivirales,Mosso das Pedras virus
mouse mammary tumor,false,viruses,Ortervirales,Mouse mammary tumor virus
murine pneumonia,false,viruses,Mononegavirales,Murine orthopneumovirus
new york-1,false,viruses,Bunyavirales,New York hantavirus
ntaya,false,viruses,Amarillovirales,Ntaya virus
nyando,false,viruses,Bunyavirales,Nyando orthobunyavirus
okola,false,viruses,Mononegavirales,Zaire ebolavirus
pichinde,false,viruses,Bunyavirales,Cali mammarenavirus
pixuna,false,viruses,Martellivirales,Pixuna virus
prospect hill,false,viruses,Bunyavirales,Prospect Hill orthohantavirus
quaranfil,false,viruses,Articulavirales,Quaranfil quaranjavirus
rio mamore,false,viruses,Bunyavirales,Rio Mamore hantavirus
rio negro,false,viruses,Martellivirales,Rio Negro virus
rosavirus a,false,viruses,Picornavirales,Rosavirus C
rubella,false,viruses,Hepelivirales,Rubella virus
saaremaa,false,viruses,Bunyavirales,Saaremaa hantavirus
sabia,false,viruses,Bunyavirales,Brazilian mammarenavirus
sangassou,false,viruses,Bunyavirales,Sangassou orthohantavirus
simian enterovirus a,false,viruses,Picornavirales,Enterovirus H
sin nombre,false,viruses,Bunyavirales,Sin Nombre orthohantavirus
tamdy,false,viruses,Patatavirales,Potato virus A
tamiami,false,viruses,Bunyavirales,Tamiami mammarenavirus
tataguine,false,viruses,Bunyavirales,Tataguine orthobunyavirus
thailand,false,viruses,Bunyavirales,Thailand orthohantavirus
tonate,false,viruses,Martellivirales,Tonate virus
tula,false,viruses,Patatavirales,Turnip mosaic virus
variola,false,viruses,Chitovirales,Variola virus
wanowrie,false,viruses,Bunyavirales,Wanowrie virus
whitewater arroyo,false,viruses,Bunyavirales,Whitewater Arroyo mammarenavirus
woolly monkey sarcoma,false,viruses,Ortervirales,Woolly monkey sarcoma virus
wyeomyia,false,viruses,Bunyavirales,Wyeomyia orthobunyavirus
macaque simian foamy,false,viruses,Ortervirales,Macaque simian foamy virus
simian adenovirus a,false,viruses,Rowavirales,Simian adenovirus 7
minatitlan,false,viruses,Bunyavirales,Minatitlan orthobunyavirus
baboon polyomavirus 2,false,viruses,Sepolyvirales,Simian virus 12
torque teno tamarin,false,viruses,,Torque teno tamarin virus
langur,false,viruses,Ortervirales,Langur virus
witwatersrand,false,viruses,Bunyavirales,Witwatersrand orthobunyavirus
murine adenovirus c,false,viruses,Rowavirales,Murine mastadenovirus A
ippy,false,viruses,Bunyavirales,Ippy mammarenavirus
arumowot,false,viruses,Bunyavirales,Arumowot phlebovirus
amapari,false,viruses,Bunyavirales,Serra do Navio mammarenavirus
latino,false,viruses,Bunyavirales,Latino mammarenavirus
caviid herpesvirus 1,false,viruses,Herpesvirales,Gaviid herpesvirus 1
caviid herpesvirus 3,false,viruses,Herpesvirales,Caviid betaherpesvirus 2
guinea pig type-c oncovirus,false,viruses,Rowavirales,Guinea pig adenovirus
yaounde,false,viruses,Amarillovirales,Yaounde virus
fort morgan,false,viruses,Martellivirales,Fort Morgan virus
keuraliba,false,viruses,Mononegavirales,Keuraliba ledantevirus
taterapox,false,viruses,Chitovirales,Taterapox virus
cupixi,false,viruses,Bunyavirales,Cupixi mammarenavirus
topografov,false,viruses,Bunyavirales,Topografov hantavirus
marmodid herpesvirus 1,false,viruses,Herpesvirales,Macropodid alphaherpesvirus 1
woodchuck hepatitis,false,viruses,Blubervirales,Woodchuck hepatitis virus
mobala,false,viruses,Mononegavirales,Zaire ebolavirus
mopeia,false,viruses,Bunyavirales,Mopeia mammarenavirus
luna,false,viruses,Patatavirales,Longan witches broom-associated virus
cricetid herpesvirus,false,viruses,Herpesvirales,Cricetid gammaherpesvirus 2
isla vista,false,viruses,Picornavirales,Isla virus
volepox,false,viruses,Chitovirales,Ectromelia virus
khabarovsk,false,viruses,Bunyavirales,Khabarovsk orthohantavirus
murid herpesvirus 5,false,viruses,Herpesvirales,Murid betaherpesvirus 1
acara,false,viruses,Bunyavirales,Acara orthobunyavirus
avian leukosis,false,viruses,Ortervirales,Avian leukosis virus
bertioga,false,viruses,Bunyavirales,Bertioga orthobunyavirus
bushbush,false,viruses,Bunyavirales,Bushbush orthobunyavirus
finkel-biskis-jinkins murine sarcoma,false,viruses,Ortervirales,Finkel-Biskis-Jinkins murine sarcoma virus
lactate dehydrogenase-elevating,false,viruses,Nidovirales,Gammaarterivirus lacdeh
langat,false,viruses,Amarillovirales,Langat virus
liao ning,false,viruses,Reovirales,Liao ning virus
moloney murine sarcoma,false,viruses,Ortervirales,Moloney murine sarcoma virus
murine adenovirus a,false,viruses,Rowavirales,Murine mastadenovirus A
murine adenovirus b,false,viruses,Rowavirales,Murine mastadenovirus A
murine hepatitis,false,viruses,Nidovirales,Murine coronavirus
murine pneumotropic,false,viruses,Sepolyvirales,Mus musculus polyomavirus 2
timboteua,false,viruses,Bunyavirales,Timboteua orthobunyavirus
merino walk,false,viruses,Bunyavirales,Merino Walk mammarenavirus
pampa,false,viruses,Bunyavirales,Pampa virus
bear canyon,false,viruses,Bunyavirales,Bear Canyon mammarenavirus
el moro canyon,false,viruses,Bunyavirales,El Moro Canyon orthohantavirus
allpaahuayo,false,viruses,Bunyavirales,Allpahuayo mammarenavirus
lechiguanas,false,viruses,Bunyavirales,Andes orthohantavirus
juquitiba,false,viruses,Bunyavirales,Juquitiba virus
oran,false,viruses,Patatavirales,Ornithogalum mosaic virus
ground squirrel hepatitis,false,viruses,Blubervirales,Ground squirrel hepatitis virus
cowbone ridge,false,viruses,Amarillovirales,Cowbone Ridge virus
san perlita,false,viruses,Amarillovirales,San Perlita virus
rio segundo,false,viruses,Bunyavirales,Rio Segundo hantavirus
cardiovirus c,false,viruses,Picornavirales,Cardiovirus A
kilham rat,false,viruses,Piccovirales,Rodent protoparvovirus 1
barur,false,viruses,Mononegavirales,Barur ledantevirus
harvey murine sarcoma,false,viruses,Ortervirales,Harvey murine sarcoma virus
kirsten murine sarcoma,false,viruses,Ortervirales,Kirsten murine sarcoma virus
squirrel fibroma,false,viruses,Chitovirales,Squirrel fibroma virus
squirrel adenovirus,false,viruses,Rowavirales,Squirrel mastadenovirus A
cano delgadito,false,viruses,Bunyavirales,Cano Delgadito orthohantavirus
jutiapa,false,viruses,Amarillovirales,Jutiapa virus
muleshoe,false,viruses,Bunyavirales,Muleshoe hantavirus
zegla,false,viruses,Bunyavirales,Zegla orthobunyavirus
sciurid herpesvirus 1,false,viruses,Herpesvirales,Silurid herpesvirus 1
sciurid herpesvirus 2,false,viruses,Herpesvirales,Murid betaherpesvirus 2
arctic squirrel hepatitis,false,viruses,Blubervirales,Ground squirrel hepatitis virus
nariva,false,viruses,Mononegavirales,Nariva narmovirus
torque teno tupaia,false,viruses,,Torque teno tupaia virus
herpestes edwardsi,false,hosts,Carnivora,Urva edwardsii
pekania pennanti pennanti,false,hosts,Passeriformes,Petronia petronia
procyon pygmaeus,false,hosts,Primates,Pongo pygmaeus
alcelaphus lichtensteinii,false,hosts,Artiodactyla,Alcelaphus lichtensteini
bos frontalis gaurus,false,hosts,Artiodactyla,Bos frontalis x Bos taurus
bos taurus primigenius,false,hosts,Artiodactyla,Bos primigenius
bubalus bubalis arnee,false,hosts,Artiodactyla,Bubalus carabanensis
lama glama guanicoe,false,hosts,Artiodactyla,Lama guanicoe
mazama gouazoubira,false,hosts,Artiodactyla,Mazama gouazoupira
dobsonia anderseni,false,hosts,Chiroptera,Dobsonia andersoni
lyroderma lyra,false,hosts,Chiroptera,Megaderma lyra
macronycteris commersonii,false,hosts,Chiroptera,Macronycteris commersoni
nycteris gambiensis,false,hosts,Caprimulgiformes,Nyctibius jamaicensis
nycteris nana,false,hosts,Chiroptera,Afronycteris nana
perimyotis subflavus subflavus,false,hosts,Chiroptera,Perimyotis subflavus
tadarida condylura,false,hosts,Gadiformes,Nezumia condylura
tadarida pumila,false,hosts,Chiroptera,Tadarida fulminans
dorcopsis muelleri,false,hosts,Coraciiformes,Merops muelleri
crocidura zaphiri,false,hosts,Eulipotyphla,Crocidura pachyura
cercopithecus aethiops,false,hosts,Primates,Chlorocebus aethiops
lagothrix lagothricha,false,hosts,Primates,Lagothrix lagotricha
piliocolobus semlikiensis,false,hosts,Primates,Piliocolobus pennantii
semnopithecus schistaceus,false,hosts,Passeriformes,Thamnophilus schistaceus
coendou rothschildi,false,hosts,Passeriformes,Cyanoloxia rothschildii
eliomys munbyanus,false,hosts,Rodentia,Eliomys quercinus
erethizon dorsatus,false,hosts,Rodentia,Erethizon dorsatum
funambulus tristriatus,false,hosts,Rodentia,Funambulus sublineatus
funisciurus congicus,false,hosts,Rodentia,Funisciurus pyrropus
funisciurus lemniscatus,false,hosts,Squamata,Micrurus lemniscatus
gerbilliscus kempii,false,hosts,Rodentia,Gerbilliscus kempi
madromys blanfordi,false,hosts,Rodentia,Jaculus blanfordi
meriones hurrianae,false,hosts,Rodentia,Meriones meridianus
pelomys isseli,false,hosts,Rodentia,Melomys paveli
felid herpesvirus 1,true,viruses,Herpesvirales,Felid alphaherpesvirus 1
feline astrovirus,true,viruses,Stellavirales,Mamastrovirus 2
phocid herpesvirus 1,true,viruses,Herpesvirales,Phocid alphaherpesvirus 1
phocid herpesvirus 2,true,viruses,Herpesvirales,Phocid gammaherpesvirus 2
canid herpesvirus 1,true,viruses,Herpesvirales,Canid alphaherpesvirus 1
canine adenovirus,true,viruses,Rowavirales,Canine mastadenovirus A
suid herpesvirus 1,true,viruses,Herpesvirales,Suid alphaherpesvirus 1
canine calicivirus,true,viruses,Picornavirales,Canine vesivirus
canine oral papillomavirus,true,viruses,Zurhausenvirales,Lambdapapillomavirus 2
human herpesvirus 4,true,viruses,Herpesvirales,Human gammaherpesvirus 4
parainfluenza virus 5,true,viruses,Mononegavirales,Mammalian orthorubulavirus 5
bovine herpesvirus 4,true,viruses,Herpesvirales,Bovine gammaherpesvirus 4
european bat lyssavirus 1,true,viruses,Mononegavirales,European bat 1 lyssavirus
feline papillomavirus,true,viruses,Zurhausenvirales,Lambdapapillomavirus 1
raccoonpox,true,viruses,Chitovirales,Raccoonpox virus
severe acute respiratory syndrome coronavirus,true,viruses,Nidovirales,Severe acute respiratory syndrome-related coronavirus
human parainfluenza virus 3,true,viruses,Mononegavirales,Human respirovirus 3
mustelid herpesvirus 1,true,viruses,Herpesvirales,Mustelid gammaherpesvirus 1
human herpesvirus 2,true,viruses,Herpesvirales,Human alphaherpesvirus 2
mink astrovirus,true,viruses,Stellavirales,Mamastrovirus 10
bovine parainfluenza virus 3,true,viruses,Mononegavirales,Bovine respirovirus 3
peste-des-petits-ruminants,true,viruses,Mononegavirales,Small ruminant morbillivirus
equid herpesvirus 1,true,viruses,Herpesvirales,Equid alphaherpesvirus 1
equid herpesvirus 9,true,viruses,Herpesvirales,Equid alphaherpesvirus 9
alcelaphine herpesvirus 2,true,viruses,Herpesvirales,Alcelaphine gammaherpesvirus 2
ovine herpesvirus 2,true,viruses,Herpesvirales,Ovine gammaherpesvirus 2
alcelaphine herpesvirus 1,true,viruses,Herpesvirales,Alcelaphine gammaherpesvirus 1
bovine herpesvirus 1,true,viruses,Herpesvirales,Bovine alphaherpesvirus 1
caprine herpesvirus 2,true,viruses,Herpesvirales,Caprine gammaherpesvirus 2
european elk papillomavirus,true,viruses,Zurhausenvirales,Deltapapillomavirus 1
bovine herpesvirus 3,true,viruses,Herpesvirales,Alcelaphine gammaherpesvirus 1
bovine herpesvirus 6,true,viruses,Herpesvirales,Bovine gammaherpesvirus 6
bovine papillomavirus 5,true,viruses,Zurhausenvirales,Epsilonpapillomavirus 1
bovine papillomavirus 1,true,viruses,Zurhausenvirales,Deltapapillomavirus 4
bovine enterovirus,true,viruses,Picornavirales,Enterovirus E
bovine herpesvirus 2,true,viruses,Herpesvirales,Bovine alphaherpesvirus 2
bovine herpesvirus 5,true,viruses,Herpesvirales,Bovine alphaherpesvirus 5
bovine papillomavirus 12,true,viruses,Zurhausenvirales,Xipapillomavirus 2
bovine papillomavirus 3,true,viruses,Zurhausenvirales,Xipapillomavirus 1
bovine polyomavirus,true,viruses,Sepolyvirales,Bos taurus polyomavirus 1
ovine astrovirus,true,viruses,Stellavirales,Mamastrovirus 13
porcine circovirus-2,true,viruses,Cirlivirales,Porcine circovirus 2
bubaline herpesvirus 1,true,viruses,Herpesvirales,Bubaline alphaherpesvirus 1
caprine herpesvirus 1,true,viruses,Herpesvirales,Caprine alphaherpesvirus 1
cervid herpesvirus 1,true,viruses,Herpesvirales,Cervid alphaherpesvirus 1
cervid herpesvirus 2,true,viruses,Herpesvirales,Cervid alphaherpesvirus 2
thiafora nairovirus,true,viruses,Bunyavirales,Thiafora orthonairovirus
hippotragine herpesvirus 1,true,viruses,Herpesvirales,Hippotragine gammaherpesvirus 1
deer papillomavirus,true,viruses,Zurhausenvirales,Deltapapillomavirus 2
ovine papillomavirus 1,true,viruses,Zurhausenvirales,Deltapapillomavirus 3
phocoena spinipinnis papillomavirus,true,viruses,Zurhausenvirales,Omikronpapillomavirus 1
porcine astrovirus,true,viruses,Stellavirales,Mamastrovirus 3
porcine circovirus-1,true,viruses,Cirlivirales,Porcine circovirus 1
porcine rubulavirus,true,viruses,Mononegavirales,Porcine orthorubulavirus
porcine sapelovirus,true,viruses,Picornavirales,Sapelovirus A
porcine teschovirus,true,viruses,Picornavirales,Teschovirus A
suid herpesvirus 2,true,viruses,Herpesvirales,Suid betaherpesvirus 2
torque teno sus virus 1,true,viruses,,Torque teno sus virus 1a
torque teno sus virus 2,true,viruses,,Torque teno sus virus 1b
torque teno sus virus 3,true,viruses,,Torque teno sus virus k2
human herpesvirus 1,true,viruses,Herpesvirales,Human alphaherpesvirus 1
shimoni bat virus,true,viruses,Mononegavirales,Shimoni bat lyssavirus
european bat lyssavirus 2,true,viruses,Mononegavirales,European bat 2 lyssavirus
macropodid herpesvirus 1,true,viruses,Herpesvirales,Macropodid alphaherpesvirus 1
gallid herpesvirus 2,true,viruses,Herpesvirales,Gallid alphaherpesvirus 2
macropodid herpesvirus 2,true,viruses,Herpesvirales,Macropodid alphaherpesvirus 2
possum adenovirus,true,viruses,Rowavirales,Possum atadenovirus A
cottontail rabbit papillomavirus,true,viruses,Zurhausenvirales,Kappapapillomavirus 2
leporid herpesvirus 4,true,viruses,Herpesvirales,Leporid alphaherpesvirus 4
rabbit oral papillomavirus,true,viruses,Zurhausenvirales,Kappapapillomavirus 1
equid herpesvirus 2,true,viruses,Herpesvirales,Equid gammaherpesvirus 2
equid herpesvirus 5,true,viruses,Herpesvirales,Equid gammaherpesvirus 5
equid herpesvirus 7,true,viruses,Herpesvirales,Equid gammaherpesvirus 7
equid herpesvirus 8,true,viruses,Herpesvirales,Equid alphaherpesvirus 8
equid herpesvirus 3,true,viruses,Herpesvirales,Equid alphaherpesvirus 3
equid herpesvirus 4,true,viruses,Herpesvirales,Equid alphaherpesvirus 4
equine papillomavirus 1,true,viruses,Zurhausenvirales,Zetapapillomavirus 1
aotine herpesvirus 1,true,viruses,Herpesvirales,Aotine betaherpesvirus 1
ateline herpesvirus 3,true,viruses,Herpesvirales,Ateline gammaherpesvirus 3
saimiriine herpesvirus 1,true,viruses,Herpesvirales,Saimiriine alphaherpesvirus 1
saimiriine herpesvirus 2,true,viruses,Herpesvirales,Saimiriine gammaherpesvirus 2
ateline herpesvirus 1,true,viruses,Herpesvirales,Ateline alphaherpesvirus 1
ateline herpesvirus 2,true,viruses,Herpesvirales,Ateline gammaherpesvirus 2
callitrichine herpesvirus 1,true,viruses,Herpesvirales,Saguinine gammaherpesvirus 1
callitrichine herpesvirus 3,true,viruses,Herpesvirales,Callitrichine gammaherpesvirus 3
macacine herpesvirus 1,true,viruses,Herpesvirales,Macacine alphaherpesvirus 1
human parainfluenza virus 1,true,viruses,Mononegavirales,Human respirovirus 1
human parainfluenza virus 2,true,viruses,Mononegavirales,Human orthorubulavirus 2
cercopithecine herpesvirus 2,true,viruses,Herpesvirales,Cercopithecine alphaherpesvirus 2
cercopithecine herpesvirus 5,true,viruses,Herpesvirales,Cercopithecine betaherpesvirus 5
cercopithecine herpesvirus 9,true,viruses,Herpesvirales,Cercopithecine alphaherpesvirus 9
human herpesvirus 8,true,viruses,Herpesvirales,Human gammaherpesvirus 8
macacine herpesvirus 5,true,viruses,Herpesvirales,Macacine gammaherpesvirus 5
simian agent virus 12,true,viruses,Sepolyvirales,Simian virus 12
papiine herpesvirus 2,true,viruses,Herpesvirales,Papiine alphaherpesvirus 2
pongine herpesvirus 3,true,viruses,Herpesvirales,Gorilline gammaherpesvirus 1
cercopithecine herpesvirus 1,true,viruses,Herpesvirales,Macacine alphaherpesvirus 1
human herpesvirus 3,true,viruses,Herpesvirales,Human alphaherpesvirus 3
human herpesvirus 5,true,viruses,Herpesvirales,Human betaherpesvirus 5
human herpesvirus 6,true,viruses,Herpesvirales,Human betaherpesvirus 6
human herpesvirus 7,true,viruses,Herpesvirales,Human betaherpesvirus 7
human papillomavirus 1,true,viruses,Zurhausenvirales,Mupapillomavirus 1
human papillomavirus 10,true,viruses,Zurhausenvirales,Alphapapillomavirus 2
human papillomavirus 16,true,viruses,Zurhausenvirales,Alphapapillomavirus 9
human papillomavirus 18,true,viruses,Zurhausenvirales,Alphapapillomavirus 7
human papillomavirus 2,true,viruses,Zurhausenvirales,Alphapapillomavirus 4
human papillomavirus 26,true,viruses,Zurhausenvirales,Alphapapillomavirus 5
human papillomavirus 32,true,viruses,Zurhausenvirales,Alphapapillomavirus 1
human papillomavirus 34,true,viruses,Zurhausenvirales,Alphapapillomavirus 11
human papillomavirus 41,true,viruses,Zurhausenvirales,Nupapillomavirus 1
human papillomavirus 48,true,viruses,Zurhausenvirales,Gammapapillomavirus 2
human papillomavirus 49,true,viruses,Zurhausenvirales,Betapapillomavirus 3
human papillomavirus 50,true,viruses,Zurhausenvirales,Gammapapillomavirus 3
human papillomavirus 53,true,viruses,Zurhausenvirales,Alphapapillomavirus 6
human papillomavirus 54,true,viruses,Zurhausenvirales,Alphapapillomavirus 13
human papillomavirus 6,true,viruses,Zurhausenvirales,Alphapapillomavirus 10
human papillomavirus 60,true,viruses,Zurhausenvirales,Gammapapillomavirus 4
human papillomavirus 61,true,viruses,Zurhausenvirales,Alphapapillomavirus 3
human papillomavirus 63,true,viruses,Zurhausenvirales,Mupapillomavirus 2
human papillomavirus 7,true,viruses,Zurhausenvirales,Alphapapillomavirus 8
human papillomavirus 88,true,viruses,Zurhausenvirales,Gammapapillomavirus 5
human parainfluenza virus 4,true,viruses,Mononegavirales,Human orthorubulavirus 4
human parechovirus,true,viruses,Picornavirales,Parechovirus A
papiine herpesvirus 1,true,viruses,Herpesvirales,Papiine gammaherpesvirus 1
poliovirus,true,viruses,Picornavirales,Enterovirus C
simian virus 40,true,viruses,Sepolyvirales,Macaca mulatta polyomavirus 1
simian virus 41,true,viruses,Mononegavirales,Simian orthorubulavirus
macacine herpesvirus 3,true,viruses,Herpesvirales,Macacine betaherpesvirus 3
rhesus monkey papillomavirus 1,true,viruses,Zurhausenvirales,Alphapapillomavirus 12
simian sapelovirus,true,viruses,Picornavirales,Sapelovirus B
cercopithecine herpesvirus 15,true,viruses,Herpesvirales,Macacine gammaherpesvirus 4
cercopithecine herpesvirus 17,true,viruses,Herpesvirales,Macacine gammaherpesvirus 5
cercopithecine herpesvirus 8,true,viruses,Herpesvirales,Macacine betaherpesvirus 3
macacine herpesvirus 4,true,viruses,Herpesvirales,Macacine gammaherpesvirus 4
simian virus 5,true,viruses,Mononegavirales,Mammalian orthorubulavirus 5
panine herpesvirus 1,true,viruses,Herpesvirales,Panine gammaherpesvirus 1
panine herpesvirus 2,true,viruses,Herpesvirales,Panine betaherpesvirus 2
pongine herpesvirus 4,true,viruses,Herpesvirales,Panine betaherpesvirus 2
cercopithecine herpesvirus 16,true,viruses,Herpesvirales,Papiine alphaherpesvirus 2
pongine herpesvirus 1,true,viruses,Herpesvirales,Panine gammaherpesvirus 1
cercopithecine herpesvirus 12,true,viruses,Herpesvirales,Papiine gammaherpesvirus 1
pongine herpesvirus 2,true,viruses,Herpesvirales,Pongine gammaherpesvirus 2
saimiriine herpesvirus 4,true,viruses,Herpesvirales,Saimiriine betaherpesvirus 4
elephantid herpesvirus 1,true,viruses,Herpesvirales,Elephantid betaherpesvirus 1
murid herpesvirus 4,true,viruses,Herpesvirales,Murid gammaherpesvirus 4
murid herpesvirus 1,true,viruses,Herpesvirales,Murid betaherpesvirus 1
murid herpesvirus 2,true,viruses,Herpesvirales,Murid betaherpesvirus 2
caviid herpesvirus 2,true,viruses,Herpesvirales,Caviid betaherpesvirus 2
mastomys natalensis papillomavirus,true,viruses,Zurhausenvirales,Iotapapillomavirus 1
hamster oral papillomavirus,true,viruses,Zurhausenvirales,Pipapillomavirus 1
hamster polyomavirus,true,viruses,Sepolyvirales,Mesocricetus auratus polyomavirus 1
murine polyomavirus,true,viruses,Sepolyvirales,Mus musculus polyomavirus 1
murid herpesvirus 8,true,viruses,Herpesvirales,Murid betaherpesvirus 8
squirrel parapoxvirus,true,viruses,Chitovirales,Squirrelpox virus
tree shrew adenovirus,true,viruses,Rowavirales,Tree shrew mastadenovirus A
tupaia herpesvirus,true,viruses,Herpesvirales,Tupaiid betaherpesvirus 1
tupaiid herpesvirus 1,true,viruses,Herpesvirales,Tupaiid betaherpesvirus 1
dusicyon thous,true,hosts,Carnivora,Cerdocyon thous
felis manul,true,hosts,Carnivora,Otocolobus manul
herpestes javanicus,true,hosts,Carnivora,Urva javanica
herpestes sanguineus,true,hosts,Carnivora,Galerella sanguinea
histriophoca fasciata,true,hosts,Carnivora,Phoca fasciata
monachus schauinslandi,true,hosts,Carnivora,Neomonachus schauinslandi
mustela vison,true,hosts,Carnivora,Neovison vison
pagophilus groenlandicus,true,hosts,Carnivora,Phoca groenlandica
uncia uncia,true,hosts,Carnivora,Panthera uncia
bos grunniens mutus,true,hosts,Artiodactyla,Bos mutus
bos taurus indicus,true,hosts,Artiodactyla,Bos indicus
capra hircus aegagrus,true,hosts,Artiodactyla,Capra aegagrus
choeropsis liberiensis,true,hosts,Artiodactyla,Hexaprotodon liberiensis
ovis aries orientalis,true,hosts,Artiodactyla,Ovis orientalis
physeter macrocephalus,true,hosts,Artiodactyla,Physeter catodon
taurotragus oryx,true,hosts,Artiodactyla,Tragelaphus oryx
lasiurus cinereus,true,hosts,Chiroptera,Aeorestes cinereus
lasiurus ega,true,hosts,Chiroptera,Dasypterus ega
lasiurus egregius,true,hosts,Chiroptera,Aeorestes egregius
lasiurus intermedius,true,hosts,Chiroptera,Dasypterus intermedius
lasiurus xanthinus,true,hosts,Chiroptera,Dasypterus xanthinus
myonycteris angolensis,true,hosts,Chiroptera,Lissonycteris angolensis
myotis pilosus,true,hosts,Chiroptera,Myotis ricketti
rhinolophus hildebrandtii,true,hosts,Chiroptera,Rhinolophus hildebrandti
tadarida plicata,true,hosts,Chiroptera,Chaerephon plicatus
micoureus demerarae,true,hosts,Didelphimorphia,Marmosa demerarae
macropus agilis,true,hosts,Diprotodontia,Notamacropus agilis
macropus parma,true,hosts,Diprotodontia,Notamacropus parma
macropus robustus,true,hosts,Diprotodontia,Osphranter robustus
macropus rufogriseus,true,hosts,Diprotodontia,Notamacropus rufogriseus
macropus rufus,true,hosts,Diprotodontia,Osphranter rufus
equus quagga,true,hosts,Perissodactyla,Equus burchellii
equus quagga burchellii,true,hosts,Perissodactyla,Equus burchellii
aotus azarae,true,hosts,Primates,Aotus azarai
cebuella pygmaea,true,hosts,Primates,Callithrix pygmaea
cercopithecus mitis albogularis,true,hosts,Primates,Cercopithecus albogularis
loxodontomys micropus,true,hosts,Rodentia,Auliscomys micropus
microtus gregalis,true,hosts,Rodentia,Lasiopodomys gregalis
microtus subterraneus,true,hosts,Rodentia,Terricola subterraneus
necromys amoenus,true,hosts,Rodentia,Bolomys amoenus
necromys lasiurus,true,hosts,Rodentia,Bolomys lasiurus
